Ca,P,pH,SOC,Sand,PIDN
-0.548242744374119,-0.106621575047975,-0.743349873643731,-0.655390588062702,1.01426557073806,09gt9UK5
0.699938150398222,0.401739056519374,0.709247865543072,0.531323794095501,-1.10715122162819,0BVvxJ6a
-0.0976797320968043,-0.243261908141865,0.0586264488857126,0.483873124295518,-0.819966303181643,0KbdgApg
-0.0410312002523992,-0.28111968584088,-0.332673817546758,0.979411993596747,-1.08636039703824,0MnuuduB
-0.332551569786131,-0.422150945268137,-1.79984787184344,0.608218074194424,-0.150702654185144,0PcIsF9z
-0.613878408856192,-0.96268642600264,-0.203746178021154,-1.79242637080513,0.507100273393613,0ShTFLYJ
-0.225450565038053,-0.81600102519826,-0.870635968201373,1.32959176032417,-1.34500782294203,0XZh9jka
-0.102384447166333,1.32713950962989,0.576751338444534,0.502147615030271,0.43186195619508,0Y7Wegri
0.249106790620608,0.143194940601459,0.375667288125425,0.804447384958956,-1.08677735543074,0dTqplIM
-0.729903330268581,-1.01711922002798,-1.11293105116618,-0.882110984065642,0.217118674265754,0lNiZicC
-0.391811625859116,-0.101169155736092,-0.720010628136154,0.862252873103745,0.239668380404911,0rGeJ0QN
-0.628437056586248,0.226871651005038,-0.127775690041271,-1.17993472656382,2.32559114546435,0sXI9ytQ
0.920703081832821,0.109867449027084,1.44928965168456,-0.641094088530407,0.0832454487367186,0ukt4aP6
-0.648542401309119,-0.777861903360786,-1.50444709299263,0.670555046096399,-0.829002417874663,1AGspb8f
-0.402274025441476,0.148625526939125,-0.182617769150981,-0.544543133237908,1.04653499790484,1Csy0gvE
-0.154815345739999,0.28028048881847,-0.183332501859018,0.275762464608026,0.591253571614057,1Ic2hly1
-0.323866844910445,0.142958260530199,-0.281462988825326,-0.643134261254997,0.316664972285029,1PPbaTwt
-0.254823212075369,0.166823860279254,0.0391055929104532,-0.193899496657929,0.995399629658147,1SO5VJNy
0.982829655615835,0.925551439830307,1.54628970809879,0.608113764098241,-0.177027675071536,1arHxK3Y
-0.216349220603483,0.529396934945102,0.335122200981111,-0.562865976791092,1.13249258788582,1fCW4Bba
-0.622197836903924,0.0804803324391259,0.052058358340045,-0.908065254777227,1.96678711273349,1qDZNvIm
-0.319999631864373,-0.0670135092442323,-1.46839166439003,1.52001230452589,-0.57917317529285,28LYJC2V
0.701068057328661,0.607914441283994,1.64363502963649,-0.400816357811233,-0.237278371273826,2CzACvQq
-0.155061547722856,-0.192912577584159,-0.206371799303201,0.544954379485109,-1.05587936533175,2FT3crfv
-0.713184233455312,-0.478110362558104,-0.52241997811831,-0.787676244629579,-0.15494410691781,2Fy2uHVg
-0.388116406442627,0.389846603154313,0.347887190527016,-0.767880783448511,1.51300898945248,2MkMEApm
0.913318157962929,0.742236651960525,2.13271701604332,-0.732263423760765,-0.0854213413528596,2NDGWEOe
-0.269114137852431,0.185804317726996,-0.0305406653317605,-0.152151335660895,0.968080651827403,2NyyCiqn
0.661186742493326,0.94631544994272,1.47784066565178,-0.271526826329523,0.359108216379299,2QRzIb84
-0.436382893979436,-0.239366169078272,0.355244721270136,-0.704071348901173,1.27519045924969,2QcbdrUZ
-0.261758275716684,0.199476519965236,0.477092546636619,-0.567084349902817,1.08672223289623,2YgAimWK
0.148399631839462,-0.355987706234676,-0.0969537179786056,0.65457114136813,-1.10828872410856,2cx85d9H
-0.350129977472137,0.0730405918263672,-1.08604745214422,0.778260776076419,0.605637869310996,2homMXMV
-0.643796470255726,-0.539573055931053,-0.656263088919982,-0.765993583231844,-0.53902965505559,2ldLrUtq
-0.496112998336106,-0.518532020858161,-1.4733720229502,1.29732552862735,-1.67253280480383,2nsACW6G
-0.244862017528973,0.585918337329268,-1.61159245433957,3.0937343694107,-0.0575770938592373,2yMbVnWc
-0.324355704085948,-0.0761189469611739,-0.0583757133841313,-0.871305825851497,1.03538733448071,36r8sgGQ
-0.519185004794132,-0.997299788558273,-1.356486087527,1.08378000149307,-0.95319317583208,3NXAXCl3
-0.524160509919595,-0.113219445722152,-0.825503930403183,-0.623767847116434,0.347941776173128,3QG0z6fl
-0.189212088818615,-0.280478442535739,-1.35995683928404,2.61660343039916,-1.75855712705801,3WS8R9qm
-0.317251679287829,-0.170585630486606,-0.77084412936822,0.711980568535599,0.441175029023825,3fRLm8f5
-0.665634111907987,-0.333956681412076,-0.105549334601149,-0.863817201873223,1.1564835723582,3mZhp1nQ
-0.49517286702951,-0.554238805579659,-1.27370242842813,1.00811038804504,-0.94346380982917,3pikJXRL
-0.38682005110074,-0.174152963444579,-0.417535702559224,-0.728337589003196,1.0406715697582,3pxOEGHL
-0.620870838595707,0.162549228013407,-0.213176936937435,-0.688618253243332,-0.0786418509866423,3ttdV3f5
1.10189454371846,-0.251093698635284,1.89316954353487,-0.411461802165423,-0.243828630102611,3v4X6Mfe
-0.418975450595454,-0.342874596480261,-1.03261121096877,-0.0779944131962947,-0.940527715643611,3wORuPiv
0.112238303385827,0.199364196492305,-0.0861519043970567,1.12167073021733,-0.396894191978548,43EfrxZj
0.339811708803169,0.918798754479221,0.581482078729871,1.11561701546332,-0.473271045159744,457Vwm21
-0.47843919424192,-0.165051931483389,-1.16447039385667,0.488268987979419,-0.130609973757126,46KNnOdx
-0.657523668182071,-0.870210137734224,-1.95606105000974,1.74156987588165,-1.63861719887503,47TwNsVC
-0.525258566931325,-0.772509680085043,-0.95086362707645,-0.245998115330979,-0.627571294276117,49856RpO
-0.433320617724647,-0.318357812315392,-0.442315784240116,-0.46902991356548,0.438820406426374,4Ane1o2N
-0.575780370299732,-0.750473462281305,-0.31928540295542,-0.84962599865483,-0.00212679936318075,4AyVUgSc
-0.229930819249672,0.243167846244643,0.00179598471485546,-0.287592773966858,-0.18950696384304,4B1951On
0.110418709168563,0.514865355523303,0.0221083036696981,1.02838138033073,-0.118590014949336,4OL39Teo
-0.159979592428614,0.370506697575922,-0.376602262110338,1.12466259098781,-0.503439363083266,4eQ90eLY
-0.166726002730906,-0.641438785746918,-0.483895224004657,-0.502048378718621,0.301227336719995,4o5jwMj8
-0.38577303858446,-0.317713134060546,-0.135776384385572,-0.587513447964767,0.907808470556347,4vPgpl2c
-0.698243216719283,-0.742132744008354,-0.182914788981412,-1.07374108876608,-0.060859248196174,51r9aA0d
-0.335075884128417,-0.292609847889343,-0.282113068220322,0.21134930990709,-0.683092560823364,58SmeRoP
-0.288403641969814,0.137612726268534,-1.1202024148684,1.20073306866456,-0.385518589584864,5HJp1AXn
0.198030450365737,0.0236907860059885,1.18435384813199,-0.439405788259096,0.141346774583608,5MBZW7fx
0.43402564953886,0.868948251013208,0.415695368552433,1.31468489801231,-0.0680162204720389,5Nq3gHaP
0.842594284997688,1.03891422513559,0.10507293015421,0.769718148556079,-1.11812819520057,5RmwFFK3
-0.718220152158169,-0.389623854012053,-0.74341669014422,0.0806480368037061,-0.332489799086294,5Tu5Jbov
-0.466465409916672,-0.528075725109968,-0.4537505773809,-0.623841471996954,-0.479843916703825,5YEolkev
0.0998147021425542,-0.191884606030171,0.514842085111673,0.303689184157249,-0.702778709672103,5a8sf6QV
-0.571150965397333,-0.154067936079488,0.0583743279455875,-1.06139333199035,0.107394091852724,5eSvmqYm
-0.312265511427085,-0.428740184420617,-1.61968280648565,1.63318704104129,-0.852581280122377,5hkN8fiv
-0.437271516925773,0.202372379525308,-0.214477294119338,-0.616537984970163,1.30004881033607,5oK8Gti5
-0.688039349294781,0.116346420339508,-0.948689396823553,-1.12216982626433,1.93122663150269,5paniGaU
0.711125278618787,-0.0208766797407326,1.01166590044442,-0.059274644507684,-0.89127822431967,5vsr7ZUP
-0.154538267399813,0.453060378934686,0.670788268273251,-0.899404425769776,0.678131042376623,60B4xMWI
0.609615269709852,1.25226797593088,-0.0127689287177382,2.51104360738494,-1.06164409620246,64jOUtKy
-0.260940111125368,0.140826256368023,-0.430562014668698,0.386609782370205,0.188900977549667,6AJo4xNG
-0.413701851732539,0.0989372627068721,-0.48937074455753,-0.400899478617328,0.36292228770598,6CAvhEte
2.49822564414854,0.228808957499349,1.74542950342025,1.38642832099079,-1.50834062784459,6CuGYjT5
-0.486321170882878,-0.490969036759838,-1.54160258947676,0.804525363414875,-0.55925057346571,6DGH8ujZ
-0.294150124535348,0.00323487463841736,-0.892923846397298,1.05658199752931,-0.341559043398055,6PzsGdVm
0.134254593939059,0.887850771393202,0.802816984465716,-0.787245259951384,0.526726672919945,6UcSJMbq
1.26213168100333,0.0107889901362651,1.80254511465265,0.378145410029318,-1.08682531240845,6WJbkH8U
0.647899199138658,0.3787603888711,1.32467131038923,-0.027510320987086,-1.00238489218556,6eUWsVzw
0.205823963475682,-0.145452233791494,0.0940730112520084,0.967993430263231,-0.99847837129485,6gNyO7Do
-0.0404016872621164,-0.422080126521671,0.267888328337317,0.6561787474674,-1.2646055034992,6jT0AyHe
-0.613611310650057,-0.195702673754469,0.304653416917079,-0.744477843159372,1.75099973801884,6nBgCvWu
-0.220586458539845,0.0183831027637284,-0.188538800467953,-0.210471341301783,0.821482680915489,6ro5mqg6
-1.01740730644071,-0.977029305214607,-0.854169235616689,-0.282149770497256,-0.54030044600134,6sGqObX4
2.12675657939948,0.50542753551193,2.43854388602166,-0.229448481598441,-0.834910700023534,6uEGy0n4
-0.0537984736132817,-0.315406871186734,0.126900650342751,-0.100143017882607,-0.651101210157793,7BZ4LxP8
-0.484790678548325,-0.222299026868727,-0.904542403926324,-0.621538839047041,0.0561032358281094,7CmigXKi
0.930757252799825,2.06828894371618,-0.596803800524329,2.35015622749827,-1.08235801759415,7Ga0LpfR
-0.283091488955878,0.0305948530813661,-1.75540952876681,1.75803942727367,-0.487813811748541,7PQsFvsG
-0.589454710376953,-0.667681703083907,-0.290471183046324,-1.28106572216086,0.821366668143749,7aF7nnwn
-0.0707675427800157,-0.00394249101894507,-0.147193980641131,0.0464402160164207,0.0931714510877017,7asGzfX9
0.136635184190048,0.675388645300521,0.290238566519773,1.06511765814528,0.22604346448734,7cg7C92o
-0.00167315059576661,0.270546991197085,0.753537164984592,-0.701985203019167,1.28178423084421,7eOxTpsB
-0.385435356539946,-0.824479862572118,-1.10193840825793,0.844969328514094,-1.15376508258066,7ey0v7ma
-0.208224833441235,0.159043758662432,-0.677301495083963,1.53663648111682,-0.326505156885868,7gocyrYl
-0.382905342646024,-0.66807060843921,-0.618738337282834,-0.573468924860292,-0.273550749192837,7gqR3GoA
-0.189407649281557,0.0295896705744426,0.112981566964563,0.356234313320377,-0.393949988936991,7og7aUXB
0.406173842205381,0.425856698988107,0.64309216651053,0.103452412747744,0.98303718883217,7onRfa8F
-0.156421055403654,0.17227517594095,-0.434576053117668,0.519105869482584,-0.553146679765875,7umkNuxM
0.0937114599410997,-0.284210418305322,0.396403803456532,0.501921420178996,-0.699355098157514,7vPr9ExD
-0.643818538386277,-0.421482422488796,-0.357799459797943,-0.221959073060073,-0.320804657008633,7zNjpCzu
-0.841967866422346,-0.242394284879881,-0.44570793473405,-0.154796669850188,-0.160004187335304,7ztsQNj3
-0.510036373122474,-0.0985908853232861,-1.06097684873981,0.38129058259752,1.09220264490124,86gppwMI
-0.409584039649762,-0.273928429268504,0.168604659538212,-0.16909981920824,0.0171051316430987,88thAGdL
1.05295505294191,0.886950046102292,1.50679533075631,0.549716536832034,-0.58005455839632,8GhU8STP
-0.532746033027503,-0.700510985910582,-0.534999731256101,-0.64930397791673,0.105466803151254,8NlzDcWe
-0.142214807027611,-0.264648853561341,-0.0745737721683719,0.549123127499323,-0.947292064266355,8QAejdLW
-0.432490060327554,0.090059905535987,0.0511517699090623,-0.494328516836227,1.49287444751358,8RDeFxWM
-0.315110016599796,-0.077054283711786,-0.185488418441411,-1.04897699448028,0.781621855681947,8UXP2NBS
-0.221250080708476,-0.425099091270931,0.083473369063615,-0.103486103907609,-0.303775593833294,8ZoV3KGT
-0.524714661999134,-0.707683404120762,-1.01714071886422,-0.134456794709821,-0.653444229126898,8ajs2uG8
0.0282252897549275,0.55775701059641,0.436965263354803,0.705103113244752,0.60999720937322,8bXnz62p
1.66155369259634,1.57039461904509,1.63785630614538,1.5000509054412,-0.817645081115386,8nO1O1LG
-0.501077776541904,-0.0719807748355618,-0.746123876479652,-0.442005739448437,-0.390418579209894,8xE1p8g8
-0.573541838421179,-0.555554338676124,-1.22955601710426,-0.400651629264943,-0.514411261590203,8yMDVMRM
0.832172678055369,0.609486619417217,1.51071134656847,-0.770696008955608,0.814399262887566,98R5VaPi
3.16846760806559,0.20295334585408,2.10096205868122,1.115556394972,-1.17924403233885,9DcTz2Ua
-0.209430647377958,0.300683265124614,-0.0141465917135928,-0.210690271958426,0.747686648884549,9G7nfUrK
0.157651371432314,0.912187853548521,0.956607841271705,-0.762966835299941,0.00297817359322212,9O6GZ1HT
-0.55339666183397,-0.14409061167909,0.402143403349785,-0.791399681670202,1.44403535021732,9S7fCoAM
-0.334689715301831,-0.108809420590576,-0.0607910259430139,-0.607906364629772,0.176441642185828,9iQwmFJR
1.5308454513715,0.176493940701831,2.33444617315194,-1.1503422844507,0.280520595046931,A3Mt6SAQ
-0.507203257310449,-0.0439602155394378,-0.484237311538523,-0.528997116128456,0.286204083499583,AJIsQIcV
2.01131438828004,1.05509818072324,2.42849891113246,-0.231471226057073,-0.504653669014839,AMHKXMh8
-0.192136014897763,0.20690010631722,0.0751154318390595,-0.0963884545823828,0.994315600871836,ASwA2J4E
0.00506201328934059,0.0693106786087564,0.456735281317827,-0.940706475557276,0.935679284111723,AaFvEoHq
-0.338318605821195,0.0161979643809796,-0.871935554416499,1.26433534289346,-0.604736712596571,AiIPD6hX
-0.557359610954263,-0.143489304174496,-1.15984686371657,1.42734074778227,-1.10080689521144,AsIURvJS
-0.286183333639881,0.0935738348581367,-0.924342870944524,1.29274488752183,-0.0393137077543362,AsvgbJ0C
-0.478820760951566,-0.717450449518578,-0.679767832478747,-1.16661512020474,-0.41236366624844,AxEhbkCM
-0.280487113216636,0.37943310330228,0.754072916941842,-1.02194770342376,0.883812617257969,B7VPkIpx
-0.278839827633114,-0.527603860594324,0.0527934728500194,0.309284289695944,-0.947639285937684,BBwHqHiH
-0.246613715083134,-0.486625355802227,-0.649706234554108,0.106975783451797,-0.775560876850469,BMyps8hr
0.422471663159859,0.864513256934117,-0.372647399016125,3.2976630318704,-0.910671500573253,BUHS4dQw
-0.25195388733678,0.196172814128444,0.0551099445892696,0.102168464827646,1.17621266083919,BZB3EYWQ
3.83633369412307,0.404520504766943,2.30822763657485,1.90353259672701,-1.25322554185374,C5UPCZcL
-0.575181194061873,-0.921329743035622,-1.82781895915756,1.4459458090049,-1.4954113231796,C5gIfQbJ
-0.448743362572572,-0.085932463329238,-0.0599272750757218,-0.834836995031664,1.23003740049295,CDRuu4Pn
0.875662166939493,1.39480491087777,0.550754809784964,0.612245238045532,-1.25910383797372,CQhTYkqE
-0.757245362604521,-0.87862694565537,-1.32787792270429,0.87586184822043,-0.938030269128341,CSEobMXv
0.256808257425918,0.705901245675962,1.59268508323859,0.184453321983447,0.298375557646937,CYMQE4x0
-0.567766612226543,-0.483784015840358,0.236995662757557,-0.958828164001532,1.09553089429181,ChQdtl4J
-0.637381962435104,-1.0866539926763,-0.673247055481162,-0.866204652789971,-0.156721310825377,ChnD1nrN
1.33358491047711,-0.11585387160871,1.60538785425176,0.124915278575442,0.00294571158837632,CvtbbIcq
0.0903376626848426,0.371770258362199,0.723944372221958,0.18516368196978,0.397321806242755,Cxk06b77
-0.294206597560646,0.0243449937449387,-0.0073718419671608,0.790222484732979,0.111093066819535,D3QD3ZEJ
0.676377944233458,0.895943460440049,1.4237266029389,0.420502096622313,-0.476850753146642,D8J5C6lA
0.0808428807792331,0.247961885676505,-0.228144426764387,0.570371022597069,-0.716898779441783,DCeQwYfT
-0.597160575868283,0.0307827948739856,-0.864111435898651,-0.772348401187879,1.77375559094389,DDEftkx3
-0.181904638149504,0.178245768211156,0.0364082809861653,0.416450136311333,0.641084919628292,DEwCfeDW
-0.420740747402856,-0.382428308320833,-0.548680197813912,-0.743306811634692,0.729996965334894,DMkIV4oL
-0.180016002490371,0.0668345146674587,-0.260981807651001,0.289482715210192,-0.626783265409082,DnzGfbxS
-0.333581134769544,-0.188051051684267,0.00954260343850294,-0.519576837641934,1.13446265824571,DoZxo6f6
-0.451326557435174,-0.130287701602131,-0.648788773252364,-0.33081733223379,-0.384929774812938,DvhBPGIk
-0.734373767134261,-0.253225929619892,0.287081965595765,-1.12905713160429,1.93216667339428,Dx7GoUcT
0.525032715099742,0.23004996186161,0.33624585238573,1.4890448942493,-1.22323607110522,E5hIjohO
-0.43883953572237,0.371261454708376,-0.176989640978744,-0.490812725681784,0.903624927385839,E6x4XGHt
-0.443466312737144,-0.156045452327597,-1.07458068639763,-0.435219661847668,-0.986637380619861,EDEpAzh1
-0.300798819940601,-0.140887606442407,0.328573849620333,-0.760928223552578,0.673751053341248,ETGudkQt
2.13328059742106,0.440921520905689,1.8596647889549,0.797234183655062,-0.600128590160115,EUleKrLJ
-0.333504952526287,-0.557854569258527,-0.542606273549842,-0.341411673469918,-0.071865880124356,Ehw2Jz6s
-0.179543985303696,0.126762917958787,0.486190796397869,-0.937223031912944,0.701959501306415,EjqzC4zH
-0.412401469303198,0.0154905048506082,0.0920005306003744,-0.801856048975339,1.02242145299813,EkMZO3Qj
0.138424544676769,0.976475868947192,0.984408122967737,-0.801408272212504,0.478351787048464,EnoNXWvU
-0.272216595503459,-0.00441333468171917,-0.548517504306302,0.896035534741599,-0.215398637498333,Epv8ANwr
0.284022484555898,0.896022843289351,0.430642871766123,0.460960415329969,0.259955608800944,Etro9j0B
-0.389291499626805,-0.466659632250947,-0.926994708068797,0.283246167516247,-0.779607378101461,F3MIZj76
-0.410846517068525,-0.218973251616893,-1.5751253561358,1.35774893514365,-0.431867336368282,FB8tU00K
0.00846631679946811,-0.377904883396133,0.831102397554067,-0.281155191844284,-1.28790137020562,FLhxBGMK
-0.477224875665206,-0.437734148152965,-0.114658902708074,-0.398291107399364,0.97113690866596,FRreR8ka
0.749984179111141,0.348257307996217,0.846658239616154,-0.0708076014847357,-0.534284972808407,FXne4oAV
0.0377536861299342,0.429184700730936,0.683417007093876,0.0479940317921052,0.460257343335935,FaW764jk
-0.495887487512015,-0.411258942686718,-1.10409762729077,-0.762527825139941,0.902531191461765,FeAbMXly
2.07696078825504,0.801888966347444,2.46116107987521,-0.374694858172479,-0.728916164679447,FeudaFXn
1.79700618072987,-0.0599988608248548,1.73204476356986,-0.577760295361987,-0.0258941089954864,FldUmFeM
-0.83860051251552,-0.331024539739946,-0.635381750712766,0.262795369439933,-0.476632927160173,Fnv5tfAm
0.0344547601557793,0.161778851237993,0.4492585394513,-0.814683486196397,0.676890908438013,FvrAd3Or
0.467995412536871,0.728453922837626,1.3057815359603,-0.590537475078108,0.604968115478465,G48zHffi
-0.535368236281862,-0.457341617938944,-0.392704058671368,-0.319542562510922,0.127944274456098,G76zCv5N
0.107599328978908,-0.365429674750731,0.437918979448916,0.257778136834536,-0.973547874540863,G7JGUdNf
1.03349454493322,0.949267760753062,1.27016825030737,1.02666086229509,-0.658165021686306,GCo6MONx
-0.156209457001367,0.296620821260626,0.413088071897581,-0.463147234537072,0.388128786621943,GE0vbpVQ
-0.244507004319888,0.173378126958785,-0.0384064382146138,-0.390097583427027,0.56640599066796,GN0DfOqt
-0.353942997116429,-0.914760414165566,-1.14082483026259,-0.129111961480857,-1.34806800289718,GNsTAb1v
-0.40398852802773,-0.267373188111717,-0.631648976154899,0.291036811576762,-0.349555427855225,GPwmO21z
0.917065142459292,1.19005296227613,-0.192555123475553,1.04009883508395,-1.23532716346964,GQYpfLoh
-0.286657440570012,-0.0537215925417906,-1.69552328089607,1.69490034847628,-0.541942838254649,GR9knT8n
-0.127996252536851,-0.0876996852766094,0.0903433542630689,0.234585214357553,-0.315858648356255,GXtFFbZy
-0.74108564988706,-0.608424859908833,-1.33809981263417,0.470596721640543,0.306415357379761,GYvzvvFD
-0.459791902962309,-0.779298745652692,-1.43546824667108,0.442525004568771,-0.538541279374673,GemPjTJ9
2.23264327703042,0.844146118827542,2.44176142932891,-0.347487143864553,-0.965286552233934,GkLYRm1K
-0.495723168747269,-0.424259390634403,-1.049520604429,-1.08454286609738,-0.32993212317686,GmlqP8eI
-0.445509726450129,-0.361450614138529,-0.988564622770643,1.35523696347447,-0.833095282089386,GqkIrOvf
-0.544380964559369,-0.523934280926383,-0.0697174063443036,-0.793796133500205,1.01379642991235,H0fsegPi
2.06511067196689,0.661940179365225,1.89388009205695,0.95279147571632,-0.8926282446223,H4dHpJjU
2.85573144181778,1.26513145665995,2.22903348279787,0.872988606940272,-0.319595402130821,H5QwJCuU
-0.434783297362386,-0.130366173130717,-0.321074936985136,-0.779952857952191,0.830250835043093,H5uwmSZ0
-0.30269063828363,-0.294757057315616,0.349721050736971,-0.367012122230509,-0.367147561091508,H8MtbVoL
-0.436113810974571,-0.211021485730459,-0.0451797376643623,-0.107526191707806,1.01988733009107,H9JrUYnp
-0.632690578981928,-0.0492145618328041,-0.345927512090423,-0.987997314945108,1.73847122532588,HHYmmHVk
-0.573684420092229,-0.772283657974532,-1.62085969813115,0.0275416237785766,-0.185678461546262,HJ5U4uqL
-0.215594506812498,-0.496460328793697,-0.369522724178927,-0.719283745302349,-0.0202562421874573,HNQxYc4w
-0.482818352682775,-0.336212357240681,-0.787848037499918,-0.460361433350472,-0.100448067833988,HQYhKHZ8
-0.430415509673022,0.0711436096006197,0.0637770541899876,-0.350269879898836,1.52784945151336,HSCMx0MC
2.410687213316,0.334400970799652,1.9188372072082,0.570960834576814,-1.10507203981492,HXYuE0fx
0.30189945047332,0.883549829655046,0.621592021433837,0.933508590062247,0.287898554912601,HdKcxEWr
-0.552746480917627,-0.440368155055907,-1.13139302535586,-0.731131612969204,-1.09988430274502,HecW1iCC
-0.268667962009873,-0.417688243782806,-1.64354330005852,1.87597803964405,-1.14743231949069,HpbKB8rv
0.0112606895286172,0.599338837349686,-0.273836052364755,1.5061460817522,-1.04435271883865,HrkoYjCg
-0.27063273897749,0.111882385573921,0.0313980170473846,-0.386257650878635,0.105226916229723,I5P2uquT
-0.612908844594413,-0.755051976828737,-1.44365427674681,0.232848103451467,0.524291272042324,I94qkDM7
-0.178140975902996,-0.267563312375141,-1.5060338510278,2.44858005226381,-0.964778790149375,I9sQbtt8
-0.401465879428652,-0.288322319183749,-0.42374368026869,-0.440279645729601,-0.128419537043763,IFxgw6ZX
-0.563994909127818,-0.39283524277165,-1.40007878311115,0.575983559966981,-0.470275982049642,IPPPSyoU
1.7295084938145,0.537244052042458,1.48798258654674,0.586885504967179,-0.790995619519676,IQOYQubU
-0.781104307103448,-0.382191359184195,-0.800012329796637,-0.0659411875319122,-0.502879966051905,IYNE2SxU
-0.103497832827872,0.154406489527108,0.0693696360787182,-0.033161391678214,-0.0113777344892679,IZRFk9kN
1.52093788966522,0.337876222174776,2.32306816918534,-0.975088145409728,0.215969561487671,Iaq3v0t3
-0.441123038908725,-0.632117987474787,-1.42936441066403,0.440026477432255,-0.400170003791021,IbVwu1t6
0.19199730808837,-0.124655277368671,0.0987421411287956,0.68954589348876,-1.16732677370617,IcHKTLyo
-0.221208012635029,-0.360621182314006,-0.683637764942421,0.329755733874813,-0.215251516921112,IpW80wVB
1.59244882712637,0.894610159619002,1.63020038194454,1.28996716242826,-0.785695382492301,Itb0PYUV
-0.109667585551286,0.354309688529402,0.630047958834228,-0.985693227621092,1.38245516199732,J8fpSwS0
0.606562460579957,1.02672607419158,0.573212416793577,2.21426780419335,-1.00930707367022,JE1SlbD0
1.12651781693248,0.166038550655879,1.6686848674249,0.395852007676282,-1.05075495465664,JEB4McNb
-0.109582064877651,-0.617743693493373,-0.0860457356364998,-0.460544449147448,-0.682798540544623,JEE4QVeQ
-0.516711008664136,0.16748372189286,-0.402499145429179,-0.389353537803104,1.60676453505966,JJSEU2VQ
0.248777196641875,-0.202019339645585,0.503435170466437,-0.778268818156066,0.169020824765471,JSsVriP2
0.182493073990544,0.357408289354324,0.699556589459716,0.00385119198544411,0.254554958071619,JUvQNiOK
0.2935839781403,0.801954670567684,1.08988220393415,-0.69185957673611,0.153698588408262,JZbrRtm2
0.083008441841449,0.634581986319716,-0.223825375905339,1.16863871243618,-0.26353306409695,JcE9G92B
0.659878999033108,1.75048123803561,-0.113482117504269,2.05019297025615,-0.82344233871872,JnNYpXHr
-0.134277659073101,0.255245484616263,0.167979611911968,-0.536311658203604,1.0978105308862,JzpbnOtz
2.25633153348807,1.03883050631976,2.45480045604842,-0.215590712334726,-0.984472062510309,JzzUhPQp
-0.0855624594501817,-0.14004671764979,-0.924335491837727,1.12366603801529,-0.987716133647604,K05R8dQK
-0.000568425569305684,0.140301450587651,0.792498952021662,-0.865254476855833,0.554321403544753,K17pG2mG
0.0381554859665878,-0.9474032263438,-0.13982917487414,-0.0192493948093714,-1.46520342592067,K8BellUe
0.0788031676450894,-0.619111938525702,0.165387966443465,-0.174312242471981,-1.12644460276745,KJ2eH6rr
0.611812893947119,0.798989379179109,0.543766647408118,1.86082268746451,-1.11283239479539,KJEJ6Glk
0.83545282663224,2.1647641434655,0.0646585888208742,2.89556828754669,-1.23830461248492,KSbO0oXS
-0.337233235763077,-0.173683688318779,-0.246984517967896,-0.39592982372114,0.660245198550736,KXtvmd01
0.139785949023348,-0.416754922163596,0.950396335397669,-0.798530883990495,-0.61067076567724,KYiJqBuJ
-0.0848665336068648,0.13900732454263,0.149247153850205,-0.0771418433009008,-0.224407530456209,KmbAyTcE
0.118614858826654,0.0765560979585352,1.12562063070778,-0.436315387829979,0.767321650133099,KnNyl3rV
-0.240658085721859,0.0737140490595383,0.564411895170443,-0.744077164238764,0.919453663536076,Kp2DG8TZ
-0.592242517130322,-0.633886695736458,-0.51382056116691,-0.795001540659909,0.271032109495676,KqQtKWs5
3.8407226848482,0.654665808967229,2.68890147547998,0.456544377721932,-0.550101266803021,Ku27g63R
-0.315569349818061,-0.571507685890311,-1.70396742891495,1.5248644517204,-0.914456577116945,L2aTVqDq
-0.584380647629775,-0.395828604146041,-0.285072623260418,-0.730012196382276,0.618711672019503,L5jvq6G4
-0.666558245205969,-0.956828150740078,-0.359489377022575,-1.33082144297161,-0.00731532704187098,L91hYVQl
-0.446803765683109,-0.306927483534797,-1.31330474859963,1.28222465058078,0.201716319723303,LINAMlbA
-0.563519742470565,-0.700351205101882,-1.94505956437505,0.682400884055275,-0.607633813135644,LJoUNXSx
-0.541064209454249,-0.605837022871064,-0.669938637249613,-0.589130819552798,-0.0646001976969276,LLtSiyWD
0.0610102408587496,-0.384097684947915,0.893687332378435,-0.0217093674979295,-1.13876426253847,LQJtV8kn
-0.236435517590601,-0.627108212977738,-1.07027333618529,1.56355030916243,-1.25720901423628,LW9uddw7
0.948657126710244,1.28568916248129,1.48888582520936,0.413203228710028,-0.332601423178564,LZ6sdBTR
0.230430785649077,0.889700720951893,0.140557226647234,2.17332423522454,-0.360249849508536,La2Vhnne
0.00143637174840418,-0.13397029416585,0.31899442387859,0.239850071813896,-0.999435211165014,LaUWSq9B
-0.331758834833392,-0.418869719217912,-1.09508785058599,0.145754604291506,-1.11811314430465,Lk4SfkPQ
-0.230189895735507,-0.0511099962380057,-0.469885690929128,1.0800910984336,-0.0714541928401937,LllC836d
-0.547243834070202,-0.254802623322002,-1.00696166703178,0.601959254350118,0.673972297961053,LuGiGeWN
-0.441979139572896,0.0866699447392932,-0.655348070780315,-0.527736762996858,1.32616841740433,LzcyHcWa
-0.425826018522268,-0.18038389686526,-0.301447260975262,-0.251581982861766,1.21045280075047,M7veP0H4
-0.226438865912176,-0.162113506424289,-1.25189353211152,1.44175429629099,0.202885222423966,MB8aaJUc
-1.00314708727151,-0.393790138004257,-0.54216904025064,-0.756773323198042,-0.306752945169559,MDpe2zuy
-0.238866007441877,-0.112561435549058,-0.0135896482678783,-0.177252115896494,0.455656017389984,MEzdmEIU
-0.394209445482466,-0.335250906495816,-0.545582762134577,0.0696923858466146,-0.271990694669815,MVnhtivm
-0.0716074625785879,0.55060435669933,0.781811995505222,-0.963537102569263,0.869832979362848,MYU7WDis
2.12126531807093,0.575700022691377,1.97887112914621,0.11997128714347,0.033151092653003,MZFqh6yw
0.990872732454027,2.02117191209639,-0.201004584251258,2.20687477585348,-1.29578275561744,Mdgy4SsO
-0.255208627456488,0.0968677442262161,0.622671109742405,-0.784080985625401,1.47342436663719,Mj8awnzy
2.02958955231786,1.16208730929823,2.10401755593228,1.24463324592889,-1.10457714424583,MpFPbUJy
-0.326145590729145,0.10629085026856,0.566664433742388,-1.11662144482141,1.08713445925996,Mqk7MFBM
-0.375478117294078,-0.106441085207967,-1.06723986207247,0.254937883396038,-0.938876361272148,Mqs2t1Eo
-0.213829617296098,0.0802901311640866,-0.0589515494255992,0.274115065819535,0.356264342652132,Mv3jFVxp
0.100103791700302,-0.360910330651185,0.671212907236681,0.167657612454633,-1.36265604099677,MxODTXvA
-0.294398721310205,0.171033372069993,0.282452736287609,-0.945710000349378,1.814287318606,N46PbpPM
-0.687653435581333,-0.408890566866866,-1.69024525738343,0.507657749743124,0.774214091952125,N5S5F9Gk
0.301222807907449,-0.233645527569351,0.117848766572546,-0.323302870465992,-0.00212030067715727,NLDg5fqw
2.29142643572775,0.486310395132572,1.9797096347103,0.656420249727041,-0.975569779057512,NOho2ZiM
1.78667205354653,0.995207561524588,1.76227629584217,1.32881180141187,-0.972031371595596,NUuY7PFU
-0.411983337643658,0.225791072621913,0.153988298147618,-0.184438616042402,1.72881936566543,NV1e8AEO
0.284803554780789,0.241641020788423,0.194280609839121,1.21104326809489,-0.892358320071721,NZLXROKC
0.580276931163201,0.188322687783456,1.11901570825089,0.309618372490629,0.0291540757432799,NaJo7C6o
0.150740753667164,-0.151945069117895,0.408644898363766,1.08171859391837,-1.26805434917959,NgsyGkrO
-0.313260513759876,-0.309369101484943,-1.67993872567791,1.80326753750289,-1.13365316682431,NjOx4Zpo
2.56138019904269,0.125298310281195,2.52225873334405,-0.167245550196738,-0.546202966200614,NmQoI7x0
-0.521392010649797,-1.06564208314893,-0.873984205883798,-0.773530232298084,-0.00329999637233676,No4wkdLS
-0.216391028150714,-0.306783673770642,0.0645486459800175,0.0074924230284175,-0.817270315695239,NouMwhOf
-0.224545158731309,-0.699442718253946,0.00733986144388044,0.119155567278935,-1.05949434004143,O6YAWd8C
2.49398962047124,-0.239444311446198,1.90963558577189,-0.208278504623615,-0.212378330906556,OAXVphSh
-0.471680109341417,-0.483295007217493,-0.0689641481170444,-1.38877651713556,1.3690523328663,OJBBhb6Q
0.627311283364155,-0.173229920393852,0.65609099524918,0.729759261544887,-1.31378865213948,OSIQXImL
-0.452384071871128,0.112146562808089,0.031488138466728,-0.655631569320386,1.2290671109521,OUUFc5Zz
0.306781598737842,0.723069598125362,0.360544195183274,1.81319059294573,0.145535333782167,OVk1lquT
-0.294910020682152,-0.464858233407854,-1.13565139993284,0.920497655894253,-0.574619252606597,OXdRxjzz
-0.398924246437503,0.0483696327667435,-0.632346451836088,-0.984851124921282,-0.186921616083785,OXxW2ekf
0.179071179563985,0.429570378081137,1.18553869476425,-0.241069818523587,0.453308849502177,OXz5OpqR
-0.503032845404065,-0.181769851479348,-1.4902126973901,1.29045739774109,0.498162631162542,OcBFW1AX
0.0570081688968059,0.0729651171011007,0.313814708653783,0.287915908863698,-0.409421755360415,Of9V2rpt
-0.178554909489268,0.393216560894717,0.178828639689105,0.0603511692363085,0.277475365499186,OfLxPhbG
-0.538925320258044,-0.692431606123939,-0.429153358864,-0.774025516306793,0.477852013816752,Ojx2vi48
-0.613827929674816,-0.911162226945056,-0.448337138464427,-1.61207224514363,0.113986951204241,P3M32iuT
-0.151168411760692,0.0509408866857079,-0.228440521110926,0.209991632976981,0.580178680967808,P7olVzrO
-0.575290394976491,-0.407608102674675,-1.49494525726029,0.36155111615855,-0.561797267601188,PAPHErnv
-0.14283314736749,-0.0848173910892943,-0.105871442020806,-0.156259802773081,0.663919869363446,PBjEtfXb
2.07704864768719,0.439011233776661,2.39046022427262,-0.215617262739292,-0.827467760608309,PZGpoBBj
-0.61708434633461,-0.491100005021438,-0.570962501693353,-0.881548755807732,-0.716778016942874,Pc2RrxXS
-0.494601899362895,-0.452438096511212,-0.541828738135676,-0.0265942723353475,0.163374634482971,PcHQ4FOu
-0.1128917631594,0.378182235293295,-0.0360024875886052,0.248068761853809,0.46996111325627,PeNyTOVN
-0.458979830065295,-0.206298703044593,-0.854009835458788,-0.0443228888588999,-0.481957472297098,PhUPSU53
-0.561099559262411,-1.13979427851027,-0.967712610172327,-0.968714959763068,0.0999842975924835,PmUNeV2O
2.50128622774739,1.07685206393424,2.18039387948956,0.0948521148329928,-0.000784505445052396,PoDJ0uvK
-0.237137461881278,0.356269561369283,-0.560500368618699,1.35603816955047,-0.393077855041568,PsUJdJdg
-0.387083426784293,-0.717807310321177,-1.03721784618574,0.202514788998444,-0.872656563056037,Q3xLFx1f
0.0359502901771557,-0.518876996570012,0.236994044129847,-0.100854439419409,-0.823679620763516,QBGxCvdM
-0.436187605589181,-0.451056716076442,-1.64902510862893,1.05387590826924,-0.741768423117036,QCEPyu6L
3.76551904037965,0.41498003542728,2.39683618836793,2.1254603295003,-0.934115620473018,QEfwec4s
-0.550504531795472,-0.416009344126621,-0.295055667300864,-0.857026407054609,1.45766329699529,QZ87Nnr3
-0.518940853244911,-0.145175484934682,-0.540309324801793,-0.0736061714037531,0.40034989626061,QlyGN9jv
-0.514469075069541,-0.315065897403801,-0.392841601830347,0.344555215769128,-0.337852726846228,QqgWE1ny
-0.591036615112673,-0.693566739647747,-1.55408513628229,1.48211525853768,-1.0127378782094,QrjjBpZd
-0.506041634112696,-0.00865906428796727,-0.114458406071553,0.0209209955810338,0.188368497628534,QsaBiX7V
-0.407320212624772,0.193290100951937,-0.0332676562813758,-0.435783732038179,0.444068245333872,QtBKJuZk
-0.455542385919135,-0.113349238031423,-0.859377896782577,-0.672828329602983,0.498474271520398,QtPRO8OJ
-0.020189285622665,0.553968858951317,-0.346639755879338,-0.051964090061459,1.56323723986714,R8XcsFnp
-0.0731627393759367,-0.285019993862198,0.0793128145450875,0.634243504450178,-1.01044091020529,RROfRt9z
-0.67218116902222,-0.444797585169163,-0.798959808959772,-0.523833859491416,-0.223662968093889,RTcbiDGq
0.277166052987826,0.467050453928154,1.19270081922134,-0.877780003178762,0.819121433123845,RVidM9g0
-0.551604114047903,-0.122678630264022,-0.5224504867539,-0.66250754346945,1.35222563993875,RZnQSH19
-0.631638265463838,-0.237756943956711,-1.21769818385684,0.713182422670701,0.440976794561355,Rc4UK7fT
-0.26983743176658,0.240991248575004,-0.235261512613051,0.0477259631815338,0.774974168259526,RcKBKh6B
-0.0342193019242555,-0.0699665496520696,0.369567099501275,0.37006304040514,-0.789533849475326,ReM5kDa5
-0.49972938274234,0.06600576990808,-0.340422532203487,-0.853602947908276,0.903556542145515,RfntsotG
-0.578725108181066,-0.481627999287323,-0.44419856655163,-0.594517006863693,-0.641282412703238,RiXMlzXD
-0.386027077106324,-0.494460104985496,-0.421618825170086,-0.399681176728266,-0.112006201566039,Rik83O3m
-0.0258217724050666,0.122482984463781,0.736151670305918,-0.870043030481921,0.27538201537738,S3PCzDzO
-0.457364070040991,-0.392073726996621,-0.439976432477422,-0.14472384946981,0.333337437085222,S77BviOJ
-0.523599580742859,-0.657656433262626,-0.916949088599292,0.191018613705297,-0.728626048203598,SDdvtktF
-0.153852328441127,0.518378736190873,0.0173091739495081,-0.0646390395451696,0.50796247348203,SHs1AyfM
-0.276204926835113,-0.161892887854505,-0.181184321787995,-0.444519002251494,0.637364476115531,SO4zQy9k
-0.114634275010224,0.342085453639362,-0.0307038331397659,-0.757316968531651,1.37540524147009,SOOBCoiG
-0.0231381926147758,0.9144728822033,0.615187511242544,-0.147468480066374,1.57041630161015,SXkkPB7A
-0.405822815387155,0.34004744865982,-1.21157338897603,1.6489068960967,0.592600902400817,Sa93dGqq
-0.494340767203056,0.0317340073398866,-0.647583095390876,0.32512559389524,0.487121789877414,SonIG72a
-0.245704727418263,0.136524821353046,-0.0101961859308314,-0.211043333974123,1.1186487456922,Suf6hIBc
0.344504702386269,0.487750560318125,0.366684307990558,0.973416796721089,-0.43608083798265,Sx2JeSRz
0.154475287435853,0.426667710572828,0.829945214126259,-0.532211941048304,1.32508683184828,T1Tlftr4
-0.444726227375138,-0.0378329019256132,0.184444143229849,-0.948774951500453,1.35802286513063,T7ulR4ci
-0.158365742744872,0.187680725556141,0.136827283245219,-0.0299987570937504,0.957642116001664,TA1NB3Br
0.182751659459865,-0.616312747988715,0.0871055444942147,-0.00622122977361805,-1.18425302092818,TFZUskaK
-0.00320367863552197,-0.415704679887508,0.166915189584559,-0.154623531258505,-0.947232104513623,TNL8HGWZ
-0.724807901955527,-0.42958272187314,-0.508674686756288,-0.438206562337837,0.128177708862939,TZ8z1GSF
1.88815035777218,-0.555036659351898,1.98243576302294,-0.436365717768311,-0.845237146650253,TqhRvkJJ
-0.249227933386292,0.377116280629107,0.390802350498978,-0.980446027319882,1.85071960982371,TtJCUiY4
0.543816088865495,1.0031604678981,1.03229178928627,0.308526708586334,-0.871425490422615,TwDq0lua
0.0206577734444504,0.711664209885573,0.438274027450723,-0.316007246760152,1.37204560955931,Tzyf02sI
3.27930261625511,0.579462946200197,2.16984768493254,1.77297834623317,-1.12293249986206,U3yI6ZS5
-0.322054359859086,-0.565222842224698,-1.88137312466491,2.34524967124872,-1.0202022606545,UBLnXZAN
-0.481712647222137,-0.475035429981944,-1.30753891339024,1.02973339626663,-0.754451688700207,UBWDzleg
1.82760467631749,0.710531333825059,2.1387385111355,-0.110743762397593,-0.64665984777089,UBqkX6SY
-0.445561063594382,-0.748926530424097,-1.1329964161078,-0.556391807346421,-0.191921533965599,UCIAi1Aj
0.0196860779722327,-0.344523929756479,0.236232215282236,0.175928409763312,-0.943861587489265,UPbXGvCS
-0.319312292411867,-0.0838027270286482,-1.41534717744684,1.81073227058758,-0.539613509925913,UeWm1l9F
-0.554346252408337,-0.524675267552041,-1.01848424294518,-0.772372485499568,-0.702588947483304,UhucscY7
-0.0466420888998278,-0.495705167869244,0.122260375387318,0.172299443259372,-1.10425316929118,Uri1SvHV
-0.45631647903322,0.157238007942891,-0.423681479083087,-0.285020601072023,0.502418727968748,UzxipGJS
-0.255414427164988,-0.35908515404196,-0.121390976922216,0.303511056803082,-0.959176495218268,V74zfaAQ
1.72568243260143,0.696045064361495,1.6879016281117,1.03144616419149,-0.974669430589315,VBPxBLTh
-0.260245583831778,0.30856858969137,0.0397953153866577,0.434683664706823,0.777992024828968,VLG7CXYS
-0.543488726889783,-0.771859648482009,-2.17633191867723,2.02222303833632,-1.64478996271802,VNk52SpF
-0.652583192209609,0.0944689577811298,-0.709174026828085,-1.03042227858988,2.25095425831754,VOREKsok
-0.407001765904669,-0.473149073348035,-0.186176336162913,-0.789519870522128,0.376845016054081,VRhTr5pX
0.104136209632951,0.552844981736669,0.691972914068911,-0.0395395074470298,0.951493947385114,VTcG4Kcw
-0.198287233361955,0.107847761483611,-0.0605669882513287,-0.142429039717337,0.659258390248885,VeKiWSbS
-0.53977787214241,0.00835784090517256,0.0293436713727236,-0.51884833049274,0.287496321990171,VnU8nJHU
-0.301295569301088,0.150393718601569,-0.64424050676162,0.00439729359799889,0.285984758003688,VueNCxYv
-0.631471064501986,-0.193398737344577,-0.154177086335061,-0.766926420511303,0.116876813331876,VxuQTRUl
1.4911201794301,0.650970750883695,2.04024273213878,-0.373777382724869,0.213716025508598,W5lgaocA
-0.310007825809116,-0.143489502335336,-1.209478992003,0.972888035123907,0.0296446005792193,W5mMq9Ef
0.0335252706765896,-0.154269894971996,-0.470042292254003,1.23447455927985,-1.2637230673986,WDhNqFpS
-0.414143690188301,-0.498235814873699,-2.04054950769435,1.3362299461151,-0.612910988762893,WE6n1kZi
-0.593791399040536,-0.170487776695001,-0.388787933897461,-0.195478135270533,0.0681074894652137,WFk6r3vA
-0.792773999147335,-0.916112911121066,-0.843469075689834,0.896136478587511,-1.44384088652114,WFyIrsUR
-0.614891298188428,-0.149656199687951,-0.677551109629198,-0.933100200190574,1.75785887614316,WG6ZAsqR
-0.483974390571063,-0.826649032229834,-1.8976036878116,1.24357670983257,-1.24227863212336,WMq3CZQk
-0.988395385007495,-0.595633531356499,-0.648957438808935,-0.836587435130099,-0.430226849616516,WRskmGjh
-0.519060740372272,-0.56403009299425,-1.13752000315715,-0.159459999235903,-0.525011130342469,WXijSglj
-0.309984344343046,-0.491306956431632,-1.23581300677908,1.0602559816141,-0.844427665469316,Wc0stQgu
-0.490147699677179,-0.821872480626709,-0.746122551973379,-0.933014216054037,0.381629611451617,WewoSCUB
-0.0876039331291669,0.151342612344313,0.408605164948955,-0.56703793788819,1.22977456809139,WuHuhHWJ
1.37326957248332,0.602277934080462,1.83262347283965,0.297131004541816,-0.649161149836858,Wv7EBtZb
-0.363295013078948,-0.0458706908777298,-0.171462480423275,-0.486180143260003,1.11665030764471,WyPlxDn0
2.2040354769065,0.469819945769849,1.39145208389794,1.30383512246939,-1.44028226342132,X3WqoSNN
-0.798260905731516,-0.603534719760259,-0.741732231500808,0.271096711308015,-0.432285034739624,XDhyP9KB
-0.456059295896262,-0.328001989374891,-1.49792438107415,1.00665986317064,0.522632129381263,XQxhDRMG
-0.231956671800051,-0.856211544207834,-0.297952877827832,-0.044257888302892,-1.19548144077684,XjLNAwxW
0.889826311623018,0.767675243344299,1.98190910288544,-0.493082014542224,-0.142908758468162,XjfVQbXd
-0.678082185004578,0.0922349516773992,-0.73024732994622,-0.903191485905458,2.09688869912849,Xovczbf6
-0.768754980392772,-0.637138464787046,-0.205440947363103,-1.21493271294783,0.536203257858671,Y8H4onBf
2.47996312710736,0.677723529184701,2.04151516184527,0.665888327446308,-0.40444206285224,Y8YgzSZ9
-0.732704743263705,-0.175700619832795,0.166447249276209,-0.863289596932688,1.90712470223469,YC4PNV20
4.67076887751808,0.13320215632795,2.3771815956572,2.79226194191008,-1.01582435577842,YDHSCRdd
-0.187045312570677,0.204729881178848,4.16487374309798e-06,-0.508582065112664,0.602682639995409,YIJ87aME
-0.425176250094282,-0.078072265091671,-0.614907631746119,0.0574333250125099,0.189820582558055,YKvT4dFv
-0.603549999482096,-0.684628614434995,-1.22247590311837,0.395954764336866,0.283465016280663,YNebALR2
-0.00221313489116325,0.429218409395247,0.0400350270461149,0.252463702561575,0.245381955258933,YNrnqFyb
-0.279782145112698,-0.0971977555599997,-0.433368939200541,-0.314312295669194,0.56725328723433,YUZ4lR3m
0.060046922502494,0.602875483336778,0.59170795922146,-0.0783484187037498,-0.143027074148162,YYLvjoVC
0.273401601511338,-0.473725822376286,0.548148264715744,0.572150151189907,-1.17927700376163,Yb8OtMb2
-0.677873517937337,-0.785799082712515,-1.38109788688976,0.325732397224046,-1.58685277991,Ycg4lTYw
0.31453645532677,0.514928958761673,0.93886808219093,-0.384161206635989,-0.313431396365138,Yfk6tekH
-0.744729714736448,-0.474301647004256,-0.679910009489312,0.0351282603820845,-0.0844976196894565,YoSfgmR6
-0.498884146159004,-0.350430248332135,-0.90588636916798,0.538076817192589,-0.132308068625142,YpzFvexy
-0.19112497583681,-0.353435254681279,-0.0650871586954843,0.422721756633582,-0.8793368469056,Yxqppfa3
-0.248261733533383,0.101789784409563,-0.802825420989855,0.414257643530705,-0.296080032980931,Z16jTUvP
-0.312027822942114,0.299236951934117,0.0774494909819807,0.0434516913857489,1.43626933219406,Z2BdCCbJ
-0.148436122546314,0.305287187486703,-0.0546217868880254,-0.0312317623880612,0.866444342636037,Z2JJMM6V
-0.273634051165275,0.352464951732476,-0.0417868759368449,0.367555298241342,0.111726730340037,Z5jE1OB5
-0.356339600906301,-0.224518526984838,-0.486588746851085,0.0220695672814823,0.0104591087710422,ZFsIqYxA
-0.515633749022657,-0.363347223626746,-0.8560602860525,0.0299901575539828,-0.465322831929643,ZHDVsoRh
-0.488509406930305,-0.214134494609586,-0.590973249338743,0.373832392384889,0.077653209294925,ZSmfu2Fc
-0.590956166349014,-0.0326205640060905,-0.516259907958512,-1.10630724693137,1.90366435814866,ZU8YXF3H
-0.573075914612531,-0.211433564865795,-1.06806842095539,-0.516120606419602,0.225707160803714,ZXKaNy6Z
-0.391990783844769,0.0975589990127443,0.110946674924964,-0.908752704528439,0.0448873041058932,ZbYLo0zK
-0.60199774330417,-0.239372883177741,-0.705840121906474,-0.676524372073188,-0.670257983725746,ZedN8Gcn
0.0867387717515059,-0.13497968450575,0.152220177812044,-0.441928665588687,-0.689410800528109,ZgD4Dau6
-0.69469819224423,-0.882109748852176,-0.719857858650096,-1.12559446784753,0.346686603388294,Zgzf79LA
0.521355374867871,0.915332549150617,1.30420237159112,-0.574234062138776,0.149912388823741,ZjqzxDOF
0.0306045460347546,0.316060248464483,0.135088814018937,1.24715884626112,-0.982642707785565,ZsZ5aDpq
-0.102955116080492,-0.576277996988539,-0.279684624879028,0.178760910368804,-1.27701043665624,ZtyqE7If
-0.0160143298348704,-0.0357005475974858,0.907772601619456,-1.08896665337807,1.00181541304375,ZvUgz01f
0.674506698808868,0.41853714465477,0.713896435885008,1.56766541150727,-0.758071308418035,ZwrhgdQV
2.07988929449567,0.602556822311608,1.56202735741294,1.02803675946711,-0.909396920488854,a7bhJGBU
3.35332436461626,0.525627819599997,2.41651754214748,1.73802121486952,-1.17801826398455,aHpv6KzP
-0.476349566151104,-1.15675228207302,-0.949673485677817,-0.581257592463258,-0.664401075460918,aINzEBVN
2.97212743053035,0.256381797620403,2.81355535019861,0.0910626170019393,-0.841991651908848,aP9EtTGF
-0.516059301580129,-0.480753896561067,-0.227511554226393,-0.730943522110646,0.0530358027932246,aV6EhtSL
2.06323126639035,0.449029694681284,2.25698386894429,-0.315905089915242,-0.678896128077073,aVZsXKoH
0.0348529583957043,-0.143914026299366,0.469214259327553,1.01156467635415,-1.07599200494893,aYVnVJvc
-0.48383431047192,-0.793981942245241,-1.89206866442644,1.15616721165156,-0.954323036573894,abCzN1zx
-0.0273127768256082,0.199406569849261,-0.00163923558672764,0.21350075153303,0.00154022115778115,ae7sMiB4
-0.41275425341992,0.0420795631861089,-0.693817489864876,1.0611205757017,0.00497499275581565,afsVuCGV
0.125505454538059,-0.570565217664253,0.35528111940053,0.171017323321843,-0.895823687862166,aiwBQETI
2.69952589316916,1.49239244907643,1.84108412142587,1.70258432042584,-0.197162527319783,aiyli4EI
2.51410802666254,0.460090702050703,2.53896247640576,0.0690708067344069,-0.570743992073134,apJ7NmzD
-0.232677951175644,-0.421677446866949,-1.80550106782349,2.27027532704602,-1.71159469898281,atVjNMtQ
-0.448494377709834,-0.396252441827233,-0.248130138392552,-0.961558536775241,0.713401487667715,b5GirVGV
-0.0125727956981303,0.632576757045855,0.469187712101639,0.522509987946115,1.25504052484607,b9SpMjNB
-0.432331121280505,-0.10257527384994,-0.0889994470320811,-0.791131392360152,1.39125048180641,bAFs37yy
-0.343017492952677,-0.421360760981151,-0.430877117381375,0.534567140856518,-1.16417694462169,bDia1hHV
-0.0337087951105573,0.471722519809584,-0.0329180291148159,0.800726053212008,-0.09334071987472,bFkv5Mtr
-0.293232434164746,-0.598070821716171,-2.31937743832659,2.51537489583468,-1.66003864889237,bHe2IXgA
-0.0224967168570372,-0.32212789848278,0.246669745986195,0.557606661696318,-0.891860752567446,bWX3vUm5
-0.207964526346644,-0.90592582924937,-0.582397976748395,0.0987049721730881,-1.72625138717458,bat8tcGs
-0.594350804976819,-1.03630692535482,-1.11784970168022,0.510514262494497,-0.838988426135784,bfjej4wu
-0.348964825140938,-0.078354471283926,-0.526968815931058,0.407425542282935,-0.348067503610831,bh04YDiP
-0.163150431928838,-0.111217895456872,-0.101001814378658,-0.0866685794243857,0.265829984555632,c110Fdc8
-0.560016195823167,-0.356069982038534,-1.54231950891324,1.06243907698073,0.475245147474367,c32GUzMa
-0.264509699450404,0.343440777726659,-0.721115925099968,0.0940279062006858,1.1897122957357,cT6uU0B0
-0.875217504379255,-0.507277117367745,-0.878451570126972,-0.580910944548754,-0.38522463967752,cWXCiFwh
-0.369616213041477,-0.207969087679516,-1.26237197810836,0.721286442394086,0.0170289291711632,ceNvS3yd
1.52860742507716,0.507599610112079,1.73910066206017,0.537763438406327,-0.863663137451234,cmwdt4Av
-0.420710511124461,-0.59345394969976,-1.36836599286974,0.423579064661873,-0.159615723556523,cn4EHsup
-0.235958305122642,0.509759400684975,0.207019426467268,-0.651974997864774,1.28977120684859,crVOGGTT
-0.712197920046406,0.21778886432769,-0.159132793542002,-1.17641915659077,0.0395012703624421,csPEJ1E5
-0.600348715675592,-0.0101490815865649,-0.384088590889388,-1.07606211195565,2.05008216100135,d0UrRtMk
-0.278557077179078,0.0862626145438691,-0.808030662706581,0.777715898576305,0.165280199837085,d6LU4G4I
-0.407944791209052,-0.215611603252089,-1.57662393743601,2.05832632859304,-0.964115050307555,d74T1DVv
-0.0186936584992907,-0.696415424340086,-0.14592017829241,0.415653622259121,-1.28847049544408,dR6rM1tQ
-0.508268202355866,-1.23221696172463,-1.18745555803009,0.730811705889518,-0.815911298705698,dUNxOoqg
0.615000491673833,-0.0134454768876654,1.39362986959713,-0.493088504903529,-0.140575087868844,dUnlyhj7
-0.39121225882579,-0.235873096412532,-1.58949931084616,0.466586810557261,-1.34849890467806,dVDlnZQ6
-0.255657861564867,0.291021480129941,-0.0290436869673304,-0.213093304255342,0.759142525326458,dVT26GDu
0.34959777686232,1.04153082804837,1.08284160098542,-0.612950516594814,0.151541850604201,de43ycXY
-0.496527878277,-0.290578089903356,-0.823125611383912,-0.0286757100284352,-0.422127751158038,dfIn7m9z
3.6926738317315,0.582555762541934,2.47285024344623,1.64176641834805,-1.43175248331655,dhmb9ZY9
-0.323352220087328,0.105160733486151,-0.308049622637941,-0.523659009343641,0.365936288584623,dn8kCuyf
-0.507691911121105,-0.157186301291065,-0.449868671887781,-0.276671181634197,0.0976588829558738,dpcquvWW
-0.813646339592698,-0.808519931055003,-1.62732946610217,0.151916202451581,0.0312517194421607,dqcbIMyr
-0.309713128091132,0.0323337095531226,-0.736540484212297,0.742179490724286,-0.866272037075833,drWgsBf5
-0.627011501872925,-0.196826581891069,-1.08822863224856,-0.939899668245979,1.67306592092879,dytx0HSe
1.96810469075277,0.448767028213221,2.71339600986177,-0.516788780793061,-0.683865652579628,e4KkkIha
0.146802975408394,-0.077162217425976,0.501902075170707,-0.996899991753674,0.571920950413443,e9YorH4m
0.0478854466761146,0.758210242091379,0.500265189445586,-0.51478676737796,1.42986944112789,eB9gVQ0R
-0.552571917974791,-0.448611408999855,-1.51999749491271,1.04292259717361,0.107498046472634,eMhLFqU6
0.831866462173723,0.395550979022211,0.905362192933793,0.0924034606115153,-0.478856678950394,eMllg1qm
-0.445909652302312,-0.188856879946172,-1.61742394140621,1.73144049553371,0.0434465156371993,eNPunZ9i
-0.479849148485095,0.0292451257385145,-0.168610767945839,-0.801586798431776,1.51019962004671,eS5BSM4J
0.0670509245775987,-0.113831864671365,0.379222378703409,-0.902209330655302,0.592076387429902,eVGMFoOI
0.0890391656074963,0.948046336541659,0.627326511372386,0.303104687998026,1.50606230332038,eaIwb3rG
-0.145865341588108,0.580273611880534,-0.126083479674497,-0.236987811646717,1.52319968622576,eyzw8Vis
-0.323032478552471,0.0026605412397296,-0.711755715397329,0.665611836492018,0.318186133781543,f04Ke2bN
-0.219529557026578,-0.478858509086304,-0.384817196794286,-0.71379150000566,0.157978902581053,f4GA0te1
-0.511307602243593,0.0632432864358976,0.128654241623771,-0.829864305350067,1.45406431883468,f7bd91h5
-0.111329853273542,0.665944407241026,0.631987095213754,-0.335078492987583,1.65541605160878,fB7z9ndr
-0.208144043304044,-0.540231294734522,-0.0317345359996633,0.0545416725741268,-1.14738783731372,fEe7AWFA
0.610436951626524,0.953157573751991,1.71790758158573,-0.658461507854942,-0.112605864880434,fJJIbgY9
-0.374619150277297,0.171891662816377,0.0196820681561991,0.0121833292766852,1.36156410565911,fQBURMvg
-0.49665574550395,0.0985737625713001,-0.212740104707104,-0.480604821599795,0.828470822600076,fS0HpOub
0.501320034610061,0.23434287149669,0.964375759984117,-0.522414244631938,-0.463588716817358,fTDXauuk
-0.370814634777661,0.486815256918242,-1.01298699799878,1.75556942816726,0.595313337644313,favPNA2N
-0.642277938616069,-0.584526379805607,-1.36938510407329,0.976630813988183,-0.661144274375172,g3Fv0U4k
0.630257813126114,0.354011940039145,1.30888896059471,0.269606401745847,-0.731438342824395,g5PKo2E2
-0.261022711136764,-0.23289789813119,-0.475190507134388,-0.739185291693982,0.644469964881819,gbjnD5fe
-0.733663147697907,-0.547808511402534,-1.39297655173748,0.861710490743439,-1.36481504579377,ge9zqXCv
-0.350649499653848,-0.100861776885225,-0.00826715151163646,-0.819066717321777,1.10315946456732,geeqJpSE
0.508278775568001,0.155726018656546,0.694886423736961,0.306025886613705,-1.05612492558471,gqy1J2RS
-0.0830264449763293,-0.052945467717705,-0.409344641159338,1.215233431887,-0.631196286313663,grlUtS3H
-0.276743866307629,0.0228566904857919,-0.522496512503227,0.670791770023243,-0.691136082141422,gx965KYj
-0.335172016458891,0.169492840835446,0.219902324597893,-0.496818536799143,1.24429207371227,h3F08Vjm
0.0639359471515647,0.683619966250539,0.861961600481407,-0.400277737179065,1.6517152670162,h6FQG8Iy
1.96205924253552,0.767727649321479,2.29701403941877,-0.228298559149451,-0.860716055603611,h7ftM8b3
0.0726847894853313,-0.156593560258203,0.556877013258163,0.490225956153135,-0.897867809663319,hLrCHXZv
0.0423109210017572,0.857382364072096,0.488332429079259,-0.226989371863387,1.49784527031665,hQ6VBuFx
-0.22642004775267,-0.71653146987365,-0.956272021888766,0.297599301092054,-1.39224836068456,hYoR2y7w
0.295514360048614,0.277140006410072,0.275030097595847,1.64852065681702,-0.822053847327867,hf65yZkM
-0.141482913181063,-0.357323095743312,0.480358277233157,-0.369961650512989,0.53722638445348,hjuwe1x4
-0.0206451017134981,0.78295401350136,-0.597852497254616,0.837557271927743,0.917692796106694,hyINlsFR
-0.143978897160087,0.443238691877884,0.438306843633371,-0.440888627116503,1.15940956579263,i0Qlm9Bv
-0.175977563726727,0.507647328448307,0.24956819872288,-0.514527881498688,1.38396955997825,i1VxfxMb
-0.443781651046124,-0.211189592589263,-0.87953682036484,0.446768894257044,0.199350692051786,i2l6jXNP
-0.470178610485199,0.431881915402472,0.599199558679765,-0.935792139284253,1.95915573585049,i4FgPZv7
-0.310595727538246,-0.018689426973407,-0.472930682037437,0.104811393831701,-0.167433310499769,i7XtIkSi
-0.0951988286252465,0.0974839782764134,-0.733965043601189,1.4472630170356,0.2542944002742,i9z346Ut
2.39568363600629,0.927983801609188,2.47859683629461,-0.139102983633898,-0.588811937036739,iDOat4cZ
-0.135490318862274,0.13066706172158,-0.17633890016613,0.472076924741868,0.419509398914293,iNv6RoSO
4.05310191009906,0.316039063291898,2.28074053467952,2.17308723936615,-0.999773429379726,iSL9NYzy
0.242606994007362,1.17213265849248,0.94934595141262,-0.525484361702944,0.193870587956416,iSqVc1r8
-0.442943645163842,-0.767606716150134,-0.642325301818978,-0.3225288450339,-1.34283254386583,iYZMftt6
-0.442037780297495,-0.291972859857476,-0.758687281887208,0.200015670742731,-0.103733784878865,ieTPaa3c
-0.39439160305788,0.0116979716500734,-0.165948973724896,-0.893900909380569,1.32194717764358,if7BmzU0
-0.365595678043644,-0.193869569314083,-0.591846428001395,0.64654434740174,-0.447244014198934,ihNz5bmx
-0.610085522162636,-0.758426954871138,-0.393466754032802,-1.42419167459387,0.757100489544046,ikJXKdIN
-0.0465999585543535,-0.698989913023528,-0.236425818375172,0.0703017136533964,-1.08678248215759,iq2kxikN
-0.371711499805822,-0.0951685593271331,-0.278020321280508,-0.710002208140218,0.96875259630241,iuZEDJK7
-0.136255511830946,0.672950889652849,0.179051068116621,-0.332090292650378,1.73284901316418,iyF8gVT7
-0.468127405275674,-0.0915495398364963,-0.430370573734826,0.00337065434391795,0.0996470493210379,j06qdQ0V
-0.122860789373623,-0.743752558980071,-0.267507616474479,0.125437427646064,-1.10433375979007,j7hl8svO
-0.592021567663219,-1.09529270766252,-0.778586118121611,-0.912615207803216,0.0551887037653527,j8hMoJUN
-0.655588415518134,-0.691191704551813,-1.52229515537061,0.904897364462123,-0.812762095948478,jNaFasbV
-0.160985991915152,0.192308341214364,0.549819358809023,-0.509755456192846,0.832474807348761,jVVHeYHT
-0.26256184411482,0.0103532982149306,-0.0349148785555715,0.0871855529637147,0.982913866787959,jXm4ySvK
0.102531076328309,0.577198007946536,0.74809129107188,-0.615756182156202,0.555855487339577,juO5ii5l
-0.513545551282852,-0.162886541678761,-0.0960648913290818,-0.914739382749573,1.45769280908817,k2hdEBsU
0.4120203928211,0.41163136306175,1.33132360578279,-0.191002750735013,0.41580319561855,k3ynMfhN
0.0353865662791324,-0.115169321303937,0.45030228447488,0.652651532736255,-0.809591394197851,k9C9yBtr
-0.560560710076901,-0.599877167441165,-1.33990380068695,0.530862725878792,-1.27957036427517,kAKRvcRo
-0.168909404954254,-0.12499943422106,-0.131418269722286,-0.126108984486461,-0.231575366100138,kBi3R2oC
0.00817548591093756,-0.513058039323507,0.694989028586814,-0.900281023944942,0.443755526565884,kDWmnsXe
-0.326063522889651,-0.00451061318428878,-0.0450014821473611,-0.81842540951051,1.09081066990337,kSGBd2Vh
-0.417776630717303,-0.369071707719149,-0.438501825472166,-0.343194721697678,0.301772874090792,kT0miHPT
-0.237262223119011,-0.0987055492846389,-0.518159414817445,-0.74382434394384,0.0653422457560662,kaW0TfRn
-0.409674322391472,-0.1634109297671,-1.29644530708092,1.07960219502451,-0.332951545983208,kmg3SowO
3.08498417344474,0.276669310643176,2.03884899656362,1.01038090786445,-0.235483485252744,kpxKSlnF
0.805628071402702,0.543338434814619,1.99769160960295,0.283454102262661,-0.142037090057348,ku2cn1MV
-0.268812727704654,0.206403607643796,-0.164236606576382,-0.216359231842879,0.483705625684818,l1su5HU9
-0.178732382002115,0.507557218679798,0.787015613509984,-0.632060123642698,1.08147954978942,l8Tg2RvD
-0.14858776328229,-0.167754454993609,-0.111245254580035,-1.1162512774177,1.32903743920765,lB6NsVOc
-0.491066033339225,0.174505706491409,-0.426702357226197,-0.393434754801746,1.38818886638472,lEcdVyKk
0.236339858076991,0.285221573533174,0.759004726106229,-0.651052932404252,-0.223359121308276,lH4TasGl
-0.0117918193983572,0.364440375125533,0.204958265059056,1.00824301467895,0.202192121808673,lO9aggHW
-0.450965006031029,-0.0649319254834152,-0.794546718298276,-0.122665311686551,-0.266100233965305,lW3m9Vzu
0.295712278547642,-0.108752517694269,0.480557823526616,-0.355957935886282,-0.100580624727515,lYLseGDP
0.036556773317828,0.410204423221971,0.586091125980362,-0.80883068605143,-0.0313481171910905,lcOnCdZi
-0.0541116058575841,0.308702387298438,0.362917845969935,0.0230274360099313,-0.0467729765954153,le9YGwON
2.97416453055542,0.094737089250056,3.00056111689119,-0.432521282674247,-0.206698963702498,llMvu3TX
0.279420556553618,0.708414189751998,1.22720737636363,-0.764362714173719,0.270401664439636,lnHh2jFO
-0.176290503451883,0.460951527004425,0.987612511835174,-1.30146906362088,1.98083899274545,m07CVXd4
-0.252252546255314,0.19492487695516,0.740210982431184,-0.85445861100505,1.42919066817798,m1lPk91z
-0.448932784760566,-0.228683515071562,-0.329581604635376,-0.71089774615662,0.972262792752736,m9IQdmwa
-0.378818910599544,-0.0874544471844225,-0.334056503996415,-0.135043538053714,0.591340319960505,mG9BRy5x
-0.377788409371339,-1.09365873648436,-0.829607056385361,-0.552436340220285,-0.601203388586986,mVHXnama
-0.478944257005904,0.179958207767433,-0.483034226577412,-0.546970976747584,0.737608086486775,mXyrR6nU
-0.320573505446559,-0.184227654106521,-0.795554344972601,1.03409210992183,-0.568951561016925,mbzNdxNc
0.122779153692401,1.21889784017735,0.924034041191464,-0.718117691248626,0.375544455056146,mntH7g3L
-0.205793803985674,0.157560335136867,0.0227483108454232,0.283461956977156,0.664987591662065,msRTXP3H
-0.558394180422007,-0.00310580868231355,-0.458176009572958,-0.639429859436873,0.227108003689218,mxBjvIPR
1.93633800789262,0.379711157566546,2.18916443848639,-0.303747077204218,-0.358810559166311,n8Opmfbz
-0.346466440240321,-0.838267153255224,-1.38380999402003,0.668067112142391,-0.942731571273886,nOkgU29Q
0.284391639811447,0.49557966523101,0.952051067553593,0.275767258243332,0.166629425050231,nhttf7VM
-0.499475275591722,-0.561033124055371,-0.475246327695918,-0.564428106963383,-0.536427877567283,njLbXYa3
0.770789017945393,0.296814284402767,1.20492397341396,-0.171737223085532,-0.122480250963725,nwkIpzmh
0.283868418300769,0.227431818006421,0.832417250124784,-0.690631864224327,0.197365652970356,nzB1R9Zg
-0.645866408360473,-0.231184995643091,-0.797202893700641,-1.03149162547825,-0.367449263413498,o1rZRI84
0.0227421004377124,-0.418582292335323,-0.198279818158428,0.321324329047717,-1.31113478451763,o7q5Mbty
-0.955551133999645,-0.821666228711913,-0.768342899004282,-0.677075642359833,-0.351876736805434,oCBvysqB
-0.496196560123846,-0.490402790984374,0.00862284624869484,-1.57598802530396,1.26074613190444,oDmycTPH
-0.797113236854183,-0.32956024758319,-0.498747392132849,-0.204219845452598,-0.182074819903086,oFAXZvQv
-0.109859932130082,0.370191313753289,-0.529262467834124,1.80996839674536,-0.205676149520054,oHE3M1zX
-1.02907876313821,-0.805415093974095,-0.904922675661659,-0.554039826032505,-0.569957047279581,oMhVmSpV
0.32998743196531,0.965319977310777,1.5646327097212,-0.709959378792957,0.232471423754542,oNsDqVbi
-0.498030020959488,-0.892924149910401,-0.0579185167272332,-1.86257077035685,0.607852606066584,oYAJqQk8
-0.546342957415312,0.269395641815703,-0.656426479744108,-0.455888180245614,1.45876353890822,ob5Kb6dW
-0.528915072350878,-0.901303682840227,-0.619784802897025,-0.809167840256325,-0.0782004458126339,obnzqs79
-0.43889362703025,-0.14762144762695,-0.790995354886828,0.10899846276612,-0.244317394363637,oncLcgRP
-0.320943758384615,-0.324148500139429,-1.76782900205847,1.13555421303843,-1.43720241719661,ooWVYaAe
-0.606685470807736,-0.293158015755027,-1.63572412356875,1.33948688146584,-0.0271975395387368,osdyOUnV
-0.414982957012191,-0.701087063635596,-1.75310509835335,0.726926890500918,-0.569404967272775,p7H9CzCv
-0.366970777390454,0.0454105452472436,-0.290322666409128,-0.231667375313125,0.698488570875154,p7U9hVhY
-0.0935553039810155,0.424635203593252,0.476823658231729,-0.19660608763238,1.08374919702575,pE6Cf1RV
-0.0379275636195368,0.518766144582162,0.0222673017595093,0.801093717867521,-0.413693915626554,pI7qzotI
-0.504639250924993,-0.460096027880098,-0.432631179853762,-0.920601646507343,0.106717649895161,pJrIA4sk
-0.442870742989613,-0.737995844279358,-0.93930743481115,1.54121733554423,-1.28567398268011,pXne2CLZ
-0.490546460382689,-0.273837095480348,-0.393519043643501,-0.828285491890257,0.916110157995377,pZMcDIOS
0.267730340516479,0.114745335244069,0.749599756064267,0.374346437679795,-0.399362672678707,pavfp3cc
-0.676304936499504,-0.547935462973999,-0.238215915230089,-1.06794534158426,0.890214124002672,pbQdC5L3
-0.16494590763639,0.256610893058081,-0.322573714508614,-0.0138268064379248,0.327614419684266,pgj7aAFP
-0.0698639922382521,0.441379694524812,-0.408608547199167,0.109225499989182,1.15724985688005,pxg8G3ed
-0.508987925684141,-0.613107770060462,-0.376420304875045,-1.05281417632018,1.02632390513243,q36Npk6l
0.693172005216426,0.929900700224192,0.649683100922457,0.951662933234237,-1.13193167742922,q4aDOVvq
-0.32285340149625,-0.495864312696688,-0.859877655066216,1.25277011684058,-0.769166679066062,qGmfR9CN
-0.428117646113818,-0.183829157471058,-1.28529102882572,1.11433681235508,-0.281833141121807,qJ51ODpA
0.183677020098741,0.245191908572098,0.945151588915482,-0.452615858008027,0.269639647272941,qQX3cs3I
-0.295669033328479,0.149480781899895,-0.279811021296176,-0.0953608657916675,1.131061639298,qXeIxPb8
0.208468277789443,-0.320737481633764,-0.0111653381216391,0.786220626859443,-1.17777725853215,qYQ4MShM
-0.0613875594986409,-0.0693568243644136,0.389198016855212,0.344053565646428,-0.83515333582614,qa0etnhK
-0.282947812512424,-0.0429191001186048,-0.2043797555688,-0.266523440612989,0.643465154892768,qbL4sboq
0.839759902113998,0.729690464021327,1.48881124776381,-0.0193737359610068,0.00269425041636335,qbYrsWHq
0.811531913057806,0.494616116751257,0.585863735450877,-0.431768111127663,-0.744112159411574,r1zmcUqQ
-0.268643769389992,0.0349254240070506,-0.0782355598009132,-0.486590477169749,1.05070619114586,r54iHeQC
4.10806274616124,0.20245606491486,2.59222275217235,1.06249286826307,-0.00659432204805345,r6xrAnQV
0.0245419381693967,0.481303233119488,0.828047976180414,-0.060070444212729,1.0084659079546,r9HxnQDg
0.865533465628366,0.769876429032834,1.0564551661515,0.71677863181155,-0.702574744040576,rG8Puuf9
-0.301109565648572,-0.534517505427501,-1.14781523372264,0.639621819369288,-1.04809533939013,rGuiefuR
-0.512917865332995,0.336480132122168,-0.341310890877514,-0.170418439522638,1.86053168523419,rJ19OhGP
0.367258063304837,0.145413731751641,0.9894618567394,-0.432913873485263,-0.129593314358743,rOCYepHd
0.236524003800805,-0.445704224886649,0.785657005683775,-0.676262737320382,0.453156093376771,rQJaOPFI
0.124135882608916,0.474468712743983,0.830551906434248,-0.387526827467756,1.24687130867573,rQhZtZeh
-0.278554963342495,-0.485461160732263,-1.31754160042821,0.910546670062631,0.115774450143827,rapmok0w
-0.12551656574779,0.115779569614462,0.816036181787583,-0.949581592936938,0.468984966729684,rgzfnPVu
-0.62170067788563,-0.171689105467366,-0.457484323271648,-0.947835549374648,0.216824345824669,ri4qhb1S
-0.535866979240307,-0.205967536432503,-0.131879627403898,-1.17095160100775,0.706339129560677,rqpFYzff
-0.209979571280573,0.411088519590068,0.223104701203599,0.0452298319508297,1.28111330644902,rrs22coX
-0.46621114521476,0.245788488136744,-0.724940936925157,-0.0714509692347333,0.996130034474872,sEeUCQLc
-0.262970404231181,0.605240363340779,0.458446614650993,-0.964420520564656,2.08600929308159,sHScwqQl
-0.741568090516782,-0.288388374286331,0.174636457584098,-1.03369870076964,1.91731945393125,sNC7DiAt
-0.147374086829919,1.03864493553711,0.364056030193745,-0.0251130074231855,1.455966215242,sNK2TSs3
-0.764655133745068,-1.06122402117234,-2.06076162099589,0.387024351485465,-0.0116079585809839,sO7Su6uw
-0.418374843378816,-0.524914712021158,-1.05521228031735,-0.653161952981412,0.897504432892508,sOWZx89o
0.15396198293117,0.0831686016734784,0.147402149501573,0.799246831279318,-1.14855543320204,sPbRcPjC
0.528441261364706,1.73958162418316,0.097933688182068,2.09311319188633,-1.17043100780973,scVUfTKI
-0.353664441849573,0.281150482077076,0.0640693028461045,-0.25348794330364,0.649862166698308,seRaGeVv
-0.415633086903653,-0.682003653545667,-1.43965448732552,0.475927345143266,-0.397834325900494,sgtwiYWi
-0.561468948740216,-0.656641538336237,-0.340012722032059,-1.01952181900473,0.309967538804899,sjmLHcT6
-0.49110071373457,-0.265873506084653,0.341605256988451,-0.656478947484262,1.17202956804262,skZUZZGS
-0.0813844161417356,-0.821864953968716,-1.28147367766532,2.07670020780984,-1.58339069164567,suAmzADX
0.647198852227373,-0.138594034491587,1.31144070988375,-0.110726591118392,-0.453874375544909,t4GWLqlO
0.503902707016013,0.0251152774205281,1.30607653412781,-1.34024351775921,0.320331223750642,t7gy6Jyy
2.58080414215422,0.513017221154009,2.7587422515634,-0.132297994253568,-0.442888902258171,tBadzH60
-0.248300831594081,-0.127787152330751,-0.459446171436981,1.02613811337947,-0.389857585939895,tXUWm0hp
-1.02139139894469,-0.874561630549176,-0.775286444255819,-0.266583523295857,-0.713820713568166,te6UPPxf
0.415451357667532,0.25852474300335,0.800101375809988,-0.0583717253839825,-0.199389818040277,ti2lamkL
-0.169280084744045,-0.273929020065444,-1.51965547221582,2.76994858602053,-1.76823924543143,tr0lpwuU
-0.295093858009503,0.421905063222098,0.0913634728200893,-0.147864939263645,0.512151722060407,ttdB5C73
-0.265521727981332,-0.49703246610233,-0.459146247637266,-0.629691006483325,0.363444704625013,twS8YZu9
-0.492765269857664,-0.33679115599225,-1.46649061149275,1.46120184224198,-0.765099769165485,tx68W34H
-0.0584431579119921,-0.0245511767099955,0.549645153610977,-0.900813648103828,0.357181484641293,tyQSX4mY
-0.393871761612807,0.140603211318554,-0.177526863761507,-0.216968423934473,0.520510593290485,tylKCRc0
-0.531737373558284,-0.191808595710132,-0.941123556202986,-0.627750555344921,0.240865346640936,u1544WUo
0.289392039941662,0.638853416392352,0.615712749325664,-0.127244516737902,-0.547242836831396,uAw9an0d
2.60885889822028,0.598529401929779,2.47581926598433,0.308289251126682,-0.80263899046399,uLZAEXMG
-0.604963806670486,-0.576051345460756,-0.726124829629083,1.17773974702879,-1.10038936207007,uMwe1s7I
-0.601983515372115,-0.649170463783798,-0.115981890394296,-0.98280829588457,0.996016163044959,ufhGeV3q
-0.455497429274043,-1.06619616963425,-2.06235507479721,0.476107117640469,-0.721934718990144,uhAeGBHo
1.39038040896285,1.35320578636584,1.91452968571389,0.27653545805677,-0.536281969570598,ujHNlqpw
-0.19873170338969,0.217571443389708,0.179025907775174,-0.274736452968369,1.02516732158587,ulV6kuhB
-0.509892728712079,-0.513945282898716,-1.43104398077444,0.973721680774232,-1.1650629590282,uohEnNEK
-0.160183708156365,0.353890922610729,0.577506134131158,-1.14352706390736,1.98797842748011,v1lhA8I4
-0.762755490503133,-0.755408672199608,-0.20851044510741,-1.27086995891845,0.658018052203506,v3JzigLI
-0.458723250870419,-0.25799325898907,-0.817796486762212,-0.406821665817208,-0.927126888709028,v5IwjyIg
-0.198854417363129,0.0509244202711031,0.706690788382685,-0.943227958994088,1.38869966276661,v6lp5TK1
-0.354302608621993,-0.0950438482989428,-1.09139527999381,0.882585299461585,0.0999856786749789,v8vOaaWq
-0.424784727272056,-0.434264749507159,-1.00380190765419,-0.210432662781406,-1.16250992132024,vAYKtoil
3.84639601044244,0.20788916286769,2.30497203008375,1.48665497393796,-0.454849153178056,vGTNQa6G
-0.819943755143238,-0.931941559930519,-0.856911267731632,-0.68599507022848,-0.756448660985981,vQzNxHoL
-0.432675845901193,-0.178108747243849,-0.140524395836061,0.0763580356904062,-0.361300159202631,vfZGBUJm
-0.241029765161966,-0.309102580631375,-1.21629303632293,1.20699538288315,-0.840742082296112,vlooVUoT
-0.527814126835737,-0.403224602683909,-0.396814051429757,-0.536486049460745,-0.701825879378028,vrACvd4O
-0.266117831300519,0.365462695386673,0.259658670074082,-0.451203830573611,0.730602973379412,w8hdjLwb
0.451391889581171,0.677535560650249,1.28350016031731,-0.436201514326281,0.460255499157731,wAntv4gH
-0.655551418358143,-0.861111983180754,-0.783526269292904,-0.866249757936922,0.267216217864119,wIUL09q0
-0.63820558298261,-0.227958756979516,-0.35764910575908,-0.74026938584679,-0.0971980115765103,wOzx7Fgz
-0.489672219709757,0.133137215022048,-0.490510734338789,-0.312100004876215,1.77056491427053,wPhjhCJQ
-0.377085292538935,0.207807744927728,-0.376074115224772,-0.42682203334933,0.474616612504232,wQSWWmYB
2.43370499072943,0.382091134874959,2.73054683904493,-0.465872437789073,-0.181339290881993,wdIMrXwy
-0.382932193384361,-0.457505933843412,-0.575166362429512,-0.738872131409735,0.900153966183303,wiL9npQc
2.10713381756501,0.746281178480728,2.78519421955995,-0.594908912603549,-0.758678786960458,wnU95Cxn
0.335118390268061,0.506111663557754,0.937771596561776,0.148194781520932,0.0161937808837084,wpJbbjJs
1.15568016533436,0.39500016274929,0.862978162510194,1.90381222338122,-0.89934802943986,wsOWTAbI
-0.684899549895437,-0.547707475624891,-0.139599136972896,-0.983095179619187,0.185332835073526,wtdBcU3U
-0.517606058760508,-0.619796243588066,-1.44725686890642,0.29263900513108,0.693080134463252,wuKXVxOc
-0.404260478155504,0.0139056772265712,-0.758885283664998,-0.827002594954572,1.60290379102043,wyzadAt8
0.305806579378094,-0.487039576099487,1.18088007439139,-1.24207672617734,0.644181875782184,wzaKzYwi
-0.194228897770749,0.178856366861247,-0.0505783796431805,-0.465241648251866,0.800292806362808,x6GCk4EV
-0.0169013662401787,-0.176299477004217,-0.0589272753190463,0.839072571189275,-1.34379305363975,x6lUi3vf
-0.428314116740919,-0.00655440322524494,-0.330403777206065,-0.164038003853215,0.198303903318012,x8mwDHv9
0.842500642086092,1.26886778024603,0.0665685360512013,1.28448223269346,-1.10448082858489,xIYm6puH
0.834017452317641,0.630682608041098,0.337171921989321,0.297622823603111,-1.11752602690213,xO6UdpsK
-0.613398866417859,-1.03007180068068,-0.896199158019631,0.872500226578053,-1.20392376337436,xQ2bkOvj
2.91096425639977,0.572555660232165,2.02808281790774,1.58485538479511,-1.2067707170008,xeXyDCEQ
-0.193619421221617,0.0507198454949992,0.225618305326033,-0.249154652665977,0.080109733043805,xrggHziO
-0.389506988906788,-0.166383114773172,-0.725109482303452,-0.880680210919781,0.245279432874511,y1WMCmqQ
-0.431778443851825,-1.05764638401386,-0.472709051857176,-0.845532032027833,-0.282029552564677,yDngezhM
-0.337632396671017,0.398688017121216,0.201178908855194,-0.90293091857336,1.2772246244365,yLiFjMD0
-0.843496022032324,-0.559768716476039,-0.665804447301165,0.154067222815225,-0.686849721255919,ySwEBO7w
-0.252917130633195,-0.0244541630708353,-1.5583059302252,1.33925622342337,-0.0110536355548105,ydC9UsSm
-0.444832992712069,0.092432874100358,-0.755607727212861,-0.149570849379227,0.251210450742627,ydEG4VBd
0.0299885696240741,1.03297230855697,0.839143617529799,-0.713778331830433,0.11108786937694,yf76yWXc
-0.255505345970214,-0.229015615511312,-0.601131565000228,0.12992151944469,-0.124237978228588,yg70e63n
-0.612248770266968,-0.159393919447962,-1.09273128516019,-0.888073066680538,-0.40683257309331,ywxtlSKv
-0.722324107648718,-0.848608693449876,-0.508782176363006,0.536987652356216,-1.09608733120574,yzKPQPOR
-0.532278550789036,-0.567398144090865,-0.754360394026823,-0.587455278499755,-0.732013657230948,z5cnOnZ1
0.266973085443513,-0.0240534669573752,0.70183897204166,1.07965127932068,-1.06257055094739,zFLkOE0e
-0.498951561651892,-0.954476545461665,-0.890074019088314,0.195109412583348,-1.47977515376096,zGi72mxL
-0.504957661180329,-0.530488775116988,-0.981594116527071,1.00963996497771,-0.695095626720308,zN925UV3
-0.573488609519141,-0.522901743825063,-1.15666186971324,0.0706015491323415,0.749996046542954,zTy2ih7e
-0.175175087447194,0.406147435582356,0.00254239046565652,-0.0943333300601125,0.795814002477807,zVFzAutw
-0.459205187428629,-0.550400311343121,-0.460921448811581,-1.05003092140539,0.632075420385557,zYxNAkht
-0.0586841977135192,0.790840230040283,-0.420083102715939,0.608976924949152,1.33124172496525,zaWDBai3
-0.176323977485445,0.365740246690699,-0.131636379098194,0.368213950903051,0.115371273204414,zg3u0Zsx
-0.71292598738305,-0.635744527218794,-1.11309036410684,1.64815657957651,-1.34632913701458,zlwLfdsS
-0.603769633171419,-0.800301783833655,-1.82384863836916,0.686990128565559,0.0703398015286122,zmbKzVfl
