PIDN,Ca,P,pH,SOC,Sand
09gt9UK5,-0.545647112853693,-0.0972154255991183,-0.743349873643731,-0.655390588062702,1.01426557073806
0BVvxJ6a,0.690289039045567,0.421887951541607,0.709247865543072,0.531323794095501,-1.10715122162819
0KbdgApg,-0.0958233580366333,-0.241293273002509,0.0586264488857126,0.483873124295518,-0.819966303181643
0MnuuduB,-0.0379598138754976,-0.286061185787252,-0.332673817546758,0.979411993596747,-1.08636039703824
0PcIsF9z,-0.329670707681553,-0.432474914094001,-1.79984787184344,0.608218074194424,-0.150702654185144
0ShTFLYJ,-0.611429443983119,-0.973473888984839,-0.203746178021154,-1.79242637080513,0.507100273393613
0XZh9jka,-0.219457976653347,-0.937617502194046,-0.870635968201373,1.32959176032417,-1.34500782294203
0Y7Wegri,-0.0987372838831808,1.38712334935538,0.576751338444534,0.502147615030271,0.43186195619508
0dTqplIM,0.255288691334918,0.146789965383336,0.375667288125425,0.804447384958956,-1.08677735543074
0lNiZicC,-0.724180692566743,-1.01356456212515,-1.11293105116618,-0.882110984065642,0.217118674265754
0rGeJ0QN,-0.393691419235082,-0.111594091727111,-0.720010628136154,0.862252873103745,0.239668380404911
0sXI9ytQ,-0.629931477870542,0.222739268670521,-0.127775690041271,-1.17993472656382,2.32559114546435
0ukt4aP6,0.918986368429144,0.149720389768811,1.44928965168456,-0.641094088530407,0.0832454487367186
1AGspb8f,-0.644971550835089,-0.802985674390244,-1.50444709299263,0.670555046096399,-0.829002417874663
1Csy0gvE,-0.404472592085657,0.163651744187067,-0.182617769150981,-0.544543133237908,1.04653499790484
1Ic2hly1,-0.150828909381041,0.263884448008591,-0.183332501859018,0.275762464608026,0.591253571614057
1PPbaTwt,-0.320544808866515,0.183199318196971,-0.281462988825326,-0.643134261254997,0.316664972285029
1SO5VJNy,-0.257648903176056,0.176305328954331,0.0391055929104532,-0.193899496657929,0.995399629658147
1arHxK3Y,0.983268619428977,0.946246312320812,1.54628970809879,0.608113764098241,-0.177027675071536
1fCW4Bba,-0.215245921910719,0.521457462230844,0.335122200981111,-0.562865976791092,1.13249258788582
1qDZNvIm,-0.623874499218637,0.0718739461682552,0.052058358340045,-0.908065254777227,1.96678711273349
28LYJC2V,-0.322242590810078,-0.0497477752254734,-1.46839166439003,1.52001230452589,-0.57917317529285
2CzACvQq,0.702315917513845,0.628695895805358,1.64363502963649,-0.400816357811233,-0.237278371273826
2FT3crfv,-0.144574778031442,-0.205745751055766,-0.206371799303201,0.544954379485109,-1.05587936533175
2Fy2uHVg,-0.724170694175288,-0.47408213338863,-0.52241997811831,-0.787676244629579,-0.15494410691781
2MkMEApm,-0.387593458477513,0.389707854207555,0.347887190527016,-0.767880783448511,1.51300898945248
2NDGWEOe,0.909985329271654,0.745897017233284,2.13271701604332,-0.732263423760765,-0.0854213413528596
2NyyCiqn,-0.272686785407534,0.192700377875662,-0.0305406653317605,-0.152151335660895,0.968080651827403
2QRzIb84,0.664715273309446,0.973046687712735,1.47784066565178,-0.271526826329523,0.359108216379299
2QcbdrUZ,-0.438694240416347,-0.290268081956407,0.355244721270136,-0.704071348901173,1.27519045924969
2YgAimWK,-0.257870577453637,0.185979925448176,0.477092546636619,-0.567084349902817,1.08672223289623
2cx85d9H,0.150930118287962,-0.349266783278316,-0.0969537179786056,0.65457114136813,-1.10828872410856
2homMXMV,-0.348740203162713,0.0632103474690295,-1.08604745214422,0.778260776076419,0.605637869310996
2ldLrUtq,-0.634700279886068,-0.539874796587301,-0.656263088919982,-0.765993583231844,-0.53902965505559
2nsACW6G,-0.494943480552549,-0.584850938655694,-1.4733720229502,1.29732552862735,-1.67253280480383
2yMbVnWc,-0.243668052551942,0.61264304580086,-1.61159245433957,3.0937343694107,-0.0575770938592373
36r8sgGQ,-0.326743180274919,-0.0754772568040416,-0.0583757133841313,-0.871305825851497,1.03538733448071
3NXAXCl3,-0.520880176626256,-1.09026064681906,-1.356486087527,1.08378000149307,-0.95319317583208
3QG0z6fl,-0.521803353482356,-0.103155919791838,-0.825503930403183,-0.623767847116434,0.347941776173128
3WS8R9qm,-0.183528402941241,-0.407208347337964,-1.35995683928404,2.61660343039916,-1.75855712705801
3fRLm8f5,-0.316531521326485,-0.195625070537894,-0.77084412936822,0.711980568535599,0.441175029023825
3mZhp1nQ,-0.663143028816005,-0.36198906555122,-0.105549334601149,-0.863817201873223,1.1564835723582
3pikJXRL,-0.502328841592025,-0.672106198639299,-1.27370242842813,1.00811038804504,-0.94346380982917
3pxOEGHL,-0.390445455662948,-0.169912922254653,-0.417535702559224,-0.728337589003196,1.0406715697582
3ttdV3f5,-0.62940572642389,0.167401355752709,-0.213176936937435,-0.688618253243332,-0.0786418509866423
3v4X6Mfe,1.09964396453796,-0.238395488918678,1.89316954353487,-0.411461802165423,-0.243828630102611
3wORuPiv,-0.417779605677609,-0.357610162886123,-1.03261121096877,-0.0779944131962947,-0.940527715643611
43EfrxZj,0.11740787560523,0.223937480137514,-0.0861519043970567,1.12167073021733,-0.396894191978548
457Vwm21,0.339352892375341,0.967363920720148,0.581482078729871,1.11561701546332,-0.473271045159744
46KNnOdx,-0.480422621083102,-0.141555337065764,-1.16447039385667,0.488268987979419,-0.130609973757126
47TwNsVC,-0.653269366779987,-0.94227701457305,-1.95606105000974,1.74156987588165,-1.63861719887503
49856RpO,-0.523917641207677,-0.783561289637862,-0.95086362707645,-0.245998115330979,-0.627571294276117
4Ane1o2N,-0.433747332044119,-0.341932510364013,-0.442315784240116,-0.46902991356548,0.438820406426374
4AyVUgSc,-0.572339850014668,-0.758067538211529,-0.31928540295542,-0.84962599865483,-0.00212679936318075
4B1951On,-0.230356880754678,0.265197430607511,0.00179598471485546,-0.287592773966858,-0.18950696384304
4OL39Teo,0.112811384521914,0.538887411356541,0.0221083036696981,1.02838138033073,-0.118590014949336
4eQ90eLY,-0.156415543359891,0.387249706394191,-0.376602262110338,1.12466259098781,-0.503439363083266
4o5jwMj8,-0.164836039338558,-0.638842658585118,-0.483895224004657,-0.502048378718621,0.301227336719995
4vPgpl2c,-0.382352849700707,-0.320889189844854,-0.135776384385572,-0.587513447964767,0.907808470556347
51r9aA0d,-0.692056142149488,-0.750015505482835,-0.182914788981412,-1.07374108876608,-0.060859248196174
58SmeRoP,-0.324192699486733,-0.255625898000936,-0.282113068220322,0.21134930990709,-0.683092560823364
5HJp1AXn,-0.290848584551223,0.138882882850247,-1.1202024148684,1.20073306866456,-0.385518589584864
5MBZW7fx,0.190839797577993,0.0340543884903929,1.18435384813199,-0.439405788259096,0.141346774583608
5Nq3gHaP,0.43527121648744,0.894983440414537,0.415695368552433,1.31468489801231,-0.0680162204720389
5RmwFFK3,0.83624804607855,1.05220153307745,0.10507293015421,0.769718148556079,-1.11812819520057
5Tu5Jbov,-0.725923160449874,-0.384919360409896,-0.74341669014422,0.0806480368037061,-0.332489799086294
5YEolkev,-0.462330081341359,-0.540295748711955,-0.4537505773809,-0.623841471996954,-0.479843916703825
5a8sf6QV,0.0983680309720937,-0.200672330323754,0.514842085111673,0.303689184157249,-0.702778709672103
5eSvmqYm,-0.579797669837314,-0.148269546214349,0.0583743279455875,-1.06139333199035,0.107394091852724
5hkN8fiv,-0.307800124969508,-0.432348836874039,-1.61968280648565,1.63318704104129,-0.852581280122377
5oK8Gti5,-0.435699164729569,0.213171002997547,-0.214477294119338,-0.616537984970163,1.30004881033607
5paniGaU,-0.693346940408659,0.130317658477321,-0.948689396823553,-1.12216982626433,1.93122663150269
5vsr7ZUP,0.705907950393932,0.00975667958502037,1.01166590044442,-0.059274644507684,-0.89127822431967
60B4xMWI,-0.153252358483279,0.485493516152915,0.670788268273251,-0.899404425769776,0.678131042376623
64jOUtKy,0.602932887205791,1.29066298561198,-0.0127689287177382,2.51104360738494,-1.06164409620246
6AJo4xNG,-0.258687674032291,0.133889733770723,-0.430562014668698,0.386609782370205,0.188900977549667
6CAvhEte,-0.411011022134318,0.121386797326287,-0.48937074455753,-0.400899478617328,0.36292228770598
6CuGYjT5,2.50145542680704,0.21984964220719,1.74542950342025,1.38642832099079,-1.50834062784459
6DGH8ujZ,-0.48081175294597,-0.506078048155661,-1.54160258947676,0.804525363414875,-0.55925057346571
6PzsGdVm,-0.292371357547615,-0.000300654248551186,-0.892923846397298,1.05658199752931,-0.341559043398055
6UcSJMbq,0.135812863400375,0.946849474152603,0.802816984465716,-0.787245259951384,0.526726672919945
6WJbkH8U,1.26301548738562,0.0172493443800834,1.80254511465265,0.378145410029318,-1.08682531240845
6eUWsVzw,0.63988707633903,0.420134198817722,1.32467131038923,-0.027510320987086,-1.00238489218556
6gNyO7Do,0.207608185988621,-0.143631967625929,0.0940730112520084,0.967993430263231,-0.99847837129485
6jT0AyHe,-0.0364751428973676,-0.43933522107157,0.267888328337317,0.6561787474674,-1.2646055034992
6nBgCvWu,-0.612880897854386,-0.253465068682604,0.304653416917079,-0.744477843159372,1.75099973801884
6ro5mqg6,-0.221122793449968,0.0169194663900148,-0.188538800467953,-0.210471341301783,0.821482680915489
6sGqObX4,-1.02553580464958,-0.965645002592809,-0.854169235616689,-0.282149770497256,-0.54030044600134
6uEGy0n4,2.12749130380676,0.502158534098011,2.43854388602166,-0.229448481598441,-0.834910700023534
7BZ4LxP8,-0.050986854163116,-0.282547905580944,0.126900650342751,-0.100143017882607,-0.651101210157793
7CmigXKi,-0.481670187887524,-0.197645983211409,-0.904542403926324,-0.621538839047041,0.0561032358281094
7Ga0LpfR,0.928581174720538,2.14486298908825,-0.596803800524329,2.35015622749827,-1.08235801759415
7PQsFvsG,-0.279563027987179,0.0229854014499216,-1.75540952876681,1.75803942727367,-0.487813811748541
7aF7nnwn,-0.590075017362988,-0.688620521179281,-0.290471183046324,-1.28106572216086,0.821366668143749
7asGzfX9,-0.0679127640487052,-0.00985864782736901,-0.147193980641131,0.0464402160164207,0.0931714510877017
7cg7C92o,0.132460948533583,0.671038446694456,0.290238566519773,1.06511765814528,0.22604346448734
7eOxTpsB,-0.00341150759065608,0.274871836253234,0.753537164984592,-0.701985203019167,1.28178423084421
7ey0v7ma,-0.390511018993219,-0.938656565480609,-1.10193840825793,0.844969328514094,-1.15376508258066
7gocyrYl,-0.208144211568981,0.173285402050854,-0.677301495083963,1.53663648111682,-0.326505156885868
7gqR3GoA,-0.384249924101972,-0.681968191110216,-0.618738337282834,-0.573468924860292,-0.273550749192837
7og7aUXB,-0.183801585023859,0.033539330391376,0.112981566964563,0.356234313320377,-0.393949988936991
7onRfa8F,0.408205205689139,0.424244770319404,0.64309216651053,0.103452412747744,0.98303718883217
7umkNuxM,-0.157353167822537,0.162677407856213,-0.434576053117668,0.519105869482584,-0.553146679765875
7vPr9ExD,0.0927773638383339,-0.296126556364505,0.396403803456532,0.501921420178996,-0.699355098157514
7zNjpCzu,-0.652469162580462,-0.430800460945283,-0.357799459797943,-0.221959073060073,-0.320804657008633
7ztsQNj3,-0.849896381856733,-0.243266162868876,-0.44570793473405,-0.154796669850188,-0.160004187335304
86gppwMI,-0.515027288843351,-0.0976959129071552,-1.06097684873981,0.38129058259752,1.09220264490124
88thAGdL,-0.404990608841411,-0.289925361184701,0.168604659538212,-0.16909981920824,0.0171051316430987
8GhU8STP,1.05458496511392,0.9040422018095,1.50679533075631,0.549716536832034,-0.58005455839632
8NlzDcWe,-0.526945347853751,-0.705042380131752,-0.534999731256101,-0.64930397791673,0.105466803151254
8QAejdLW,-0.139591465125996,-0.273131700668242,-0.0745737721683719,0.549123127499323,-0.947292064266355
8RDeFxWM,-0.435492619711153,0.105097612948262,0.0511517699090623,-0.494328516836227,1.49287444751358
8UXP2NBS,-0.315425350361864,-0.0717948400506138,-0.185488418441411,-1.04897699448028,0.781621855681947
8ZoV3KGT,-0.22054613895178,-0.438364269132365,0.083473369063615,-0.103486103907609,-0.303775593833294
8ajs2uG8,-0.522007516484345,-0.715055532449501,-1.01714071886422,-0.134456794709821,-0.653444229126898
8bXnz62p,0.0248739288462586,0.578861233219601,0.436965263354803,0.705103113244752,0.60999720937322
8nO1O1LG,1.6653549194854,1.59577934675098,1.63785630614538,1.5000509054412,-0.817645081115386
8xE1p8g8,-0.506077056154526,-0.0480902858830009,-0.746123876479652,-0.442005739448437,-0.390418579209894
8yMDVMRM,-0.57244888336667,-0.551155549718999,-1.22955601710426,-0.400651629264943,-0.514411261590203
98R5VaPi,0.838068551119041,0.645015862201772,1.51071134656847,-0.770696008955608,0.814399262887566
9DcTz2Ua,3.17071379821659,0.20601029640554,2.10096205868122,1.115556394972,-1.17924403233885
9G7nfUrK,-0.206476012171222,0.312026178377236,-0.0141465917135928,-0.210690271958426,0.747686648884549
9O6GZ1HT,0.153905020085285,0.958085218352269,0.956607841271705,-0.762966835299941,0.00297817359322212
9S7fCoAM,-0.556361660464738,-0.194972138889256,0.402143403349785,-0.791399681670202,1.44403535021732
9iQwmFJR,-0.334642055182734,-0.0868818248142907,-0.0607910259430139,-0.607906364629772,0.176441642185828
A3Mt6SAQ,1.53001657384137,0.173308395690886,2.33444617315194,-1.1503422844507,0.280520595046931
AJIsQIcV,-0.505436758490634,-0.0425678973567401,-0.484237311538523,-0.528997116128456,0.286204083499583
AMHKXMh8,2.01181327906247,1.06858693230952,2.42849891113246,-0.231471226057073,-0.504653669014839
ASwA2J4E,-0.194724416063305,0.210945794785642,0.0751154318390595,-0.0963884545823828,0.994315600871836
AaFvEoHq,0.00836703942196616,0.0640257731436125,0.456735281317827,-0.940706475557276,0.935679284111723
AiIPD6hX,-0.333754079532083,0.0200848767102905,-0.871935554416499,1.26433534289346,-0.604736712596571
AsIURvJS,-0.547022136188883,-0.122096453068438,-1.15984686371657,1.42734074778227,-1.10080689521144
AsvgbJ0C,-0.282541086243567,0.0814000708807162,-0.924342870944524,1.29274488752183,-0.0393137077543362
AxEhbkCM,-0.477806639381776,-0.734108176289335,-0.679767832478747,-1.16661512020474,-0.41236366624844
B7VPkIpx,-0.284781457346827,0.422365548220932,0.754072916941842,-1.02194770342376,0.883812617257969
BBwHqHiH,-0.272573790400805,-0.560333055998955,0.0527934728500194,0.309284289695944,-0.947639285937684
BMyps8hr,-0.243329069988297,-0.483890969594433,-0.649706234554108,0.106975783451797,-0.775560876850469
BUHS4dQw,0.423117451727457,0.907937547109911,-0.372647399016125,3.2976630318704,-0.910671500573253
BZB3EYWQ,-0.252812281684162,0.186666830513623,0.0551099445892696,0.102168464827646,1.17621266083919
C5UPCZcL,3.83586805619505,0.450145935194303,2.30822763657485,1.90353259672701,-1.25322554185374
C5gIfQbJ,-0.573095172294323,-1.00714698586993,-1.82781895915756,1.4459458090049,-1.4954113231796
CDRuu4Pn,-0.450892283053359,-0.0897756538927139,-0.0599272750757218,-0.834836995031664,1.23003740049295
CQhTYkqE,0.863410708697396,1.43883429798655,0.550754809784964,0.612245238045532,-1.25910383797372
CSEobMXv,-0.755846654858801,-0.964034410770438,-1.32787792270429,0.87586184822043,-0.938030269128341
CYMQE4x0,0.25786561160385,0.723215921876433,1.59268508323859,0.184453321983447,0.298375557646937
ChQdtl4J,-0.566001362173514,-0.533080462149667,0.236995662757557,-0.958828164001532,1.09553089429181
ChnD1nrN,-0.632942616272532,-1.0879761845388,-0.673247055481162,-0.866204652789971,-0.156721310825377
CvtbbIcq,1.33499939252275,-0.117714104478097,1.60538785425176,0.124915278575442,0.00294571158837632
Cxk06b77,0.0862248981673881,0.384533583030013,0.723944372221958,0.18516368196978,0.397321806242755
D3QD3ZEJ,-0.294188855450277,-0.00450101188297063,-0.0073718419671608,0.790222484732979,0.111093066819535
D8J5C6lA,0.673201293005376,0.907432986529745,1.4237266029389,0.420502096622313,-0.476850753146642
DCeQwYfT,0.080588620181394,0.270494164395504,-0.228144426764387,0.570371022597069,-0.716898779441783
DDEftkx3,-0.604870396482419,0.0381631117387063,-0.864111435898651,-0.772348401187879,1.77375559094389
DEwCfeDW,-0.184896382301416,0.175581198313919,0.0364082809861653,0.416450136311333,0.641084919628292
DMkIV4oL,-0.423938682224073,-0.381862279949315,-0.548680197813912,-0.743306811634692,0.729996965334894
DnzGfbxS,-0.175205979366212,0.0890700728746933,-0.260981807651001,0.289482715210192,-0.626783265409082
DoZxo6f6,-0.331828630103855,-0.201378883266744,0.00954260343850294,-0.519576837641934,1.13446265824571
DvhBPGIk,-0.451046150725571,-0.141825620350518,-0.648788773252364,-0.33081733223379,-0.384929774812938
Dx7GoUcT,-0.734482198748064,-0.306951553429397,0.287081965595765,-1.12905713160429,1.93216667339428
E5hIjohO,0.526852472736472,0.205988614003882,0.33624585238573,1.4890448942493,-1.22323607110522
E6x4XGHt,-0.437527110221601,0.398860699319688,-0.176989640978744,-0.490812725681784,0.903624927385839
EDEpAzh1,-0.449938318785448,-0.146833629096749,-1.07458068639763,-0.435219661847668,-0.986637380619861
ETGudkQt,-0.295620071123693,-0.158406706662658,0.328573849620333,-0.760928223552578,0.673751053341248
EUleKrLJ,2.13434002311463,0.449974542911004,1.8596647889549,0.797234183655062,-0.600128590160115
Ehw2Jz6s,-0.332091477666557,-0.563794254909142,-0.542606273549842,-0.341411673469918,-0.071865880124356
EjqzC4zH,-0.184714656176824,0.160754419840106,0.486190796397869,-0.937223031912944,0.701959501306415
EkMZO3Qj,-0.408020667376335,-0.00459236257009152,0.0920005306003744,-0.801856048975339,1.02242145299813
EnoNXWvU,0.138594412709653,1.03607336060179,0.984408122967737,-0.801408272212504,0.478351787048464
Epv8ANwr,-0.272572957369888,-0.0314195343535813,-0.548517504306302,0.896035534741599,-0.215398637498333
Etro9j0B,0.277290373956353,0.872538568681902,0.430642871766123,0.460960415329969,0.259955608800944
F3MIZj76,-0.38646344926357,-0.481342953490972,-0.926994708068797,0.283246167516247,-0.779607378101461
FB8tU00K,-0.412955672043145,-0.201975584663449,-1.5751253561358,1.35774893514365,-0.431867336368282
FLhxBGMK,0.0159937686125153,-0.411470733022063,0.831102397554067,-0.281155191844284,-1.28790137020562
FRreR8ka,-0.475675055051227,-0.483240407375992,-0.114658902708074,-0.398291107399364,0.97113690866596
FXne4oAV,0.745868519251132,0.348005772271952,0.846658239616154,-0.0708076014847357,-0.534284972808407
FaW764jk,0.0328084518189741,0.423198237937058,0.683417007093876,0.0479940317921052,0.460257343335935
FeAbMXly,-0.498333797289937,-0.40702488046113,-1.10409762729077,-0.762527825139941,0.902531191461765
FeudaFXn,2.07464253205921,0.832953146675667,2.46116107987521,-0.374694858172479,-0.728916164679447
FldUmFeM,1.79979542250868,-0.0225412532429689,1.73204476356986,-0.577760295361987,-0.0258941089954864
Fnv5tfAm,-0.849249316215437,-0.327952366136477,-0.635381750712766,0.262795369439933,-0.476632927160173
FvrAd3Or,0.0387229141820795,0.200334240294923,0.4492585394513,-0.814683486196397,0.676890908438013
G48zHffi,0.470711886185052,0.767249705075858,1.3057815359603,-0.590537475078108,0.604968115478465
G76zCv5N,-0.534586158467942,-0.471658844585492,-0.392704058671368,-0.319542562510922,0.127944274456098
G7JGUdNf,0.109016376253979,-0.367522550529415,0.437918979448916,0.257778136834536,-0.973547874540863
GCo6MONx,1.03477418847646,0.956439715389014,1.27016825030737,1.02666086229509,-0.658165021686306
GE0vbpVQ,-0.155691589320158,0.316218128970273,0.413088071897581,-0.463147234537072,0.388128786621943
GN0DfOqt,-0.241529820738563,0.159746153837221,-0.0384064382146138,-0.390097583427027,0.56640599066796
GNsTAb1v,-0.34910166005197,-0.937666362823272,-1.14082483026259,-0.129111961480857,-1.34806800289718
GPwmO21z,-0.403072391894271,-0.30139809435204,-0.631648976154899,0.291036811576762,-0.349555427855225
GQYpfLoh,0.913708461232365,1.21875573657074,-0.192555123475553,1.04009883508395,-1.23532716346964
GR9knT8n,-0.282423816610021,-0.0542949472247537,-1.69552328089607,1.69490034847628,-0.541942838254649
GXtFFbZy,-0.118377825867289,-0.06153685156531,0.0903433542630689,0.234585214357553,-0.315858648356255
GYvzvvFD,-0.744276574592637,-0.60017591602152,-1.33809981263417,0.470596721640543,0.306415357379761
GemPjTJ9,-0.462801089653426,-0.786996699576752,-1.43546824667108,0.442525004568771,-0.538541279374673
GkLYRm1K,2.22978878573965,0.840596909459154,2.44176142932891,-0.347487143864553,-0.965286552233934
GmlqP8eI,-0.493738078874737,-0.388771348043292,-1.049520604429,-1.08454286609738,-0.32993212317686
GqkIrOvf,-0.450956139334097,-0.326916894368261,-0.988564622770643,1.35523696347447,-0.833095282089386
H0fsegPi,-0.544863500819251,-0.57218962841713,-0.0697174063443036,-0.793796133500205,1.01379642991235
H4dHpJjU,2.0665547580341,0.661343872318075,1.89388009205695,0.95279147571632,-0.8926282446223
H5QwJCuU,2.85860021642193,1.26579706653392,2.22903348279787,0.872988606940272,-0.319595402130821
H5uwmSZ0,-0.432240950497538,-0.150485543065043,-0.321074936985136,-0.779952857952191,0.830250835043093
H8MtbVoL,-0.297860611350762,-0.30762111372563,0.349721050736971,-0.367012122230509,-0.367147561091508
H9JrUYnp,-0.434341644219087,-0.259593938473464,-0.0451797376643623,-0.107526191707806,1.01988733009107
HHYmmHVk,-0.634576284084943,-0.0573796735902455,-0.345927512090423,-0.987997314945108,1.73847122532588
HJ5U4uqL,-0.575792723637103,-0.758547105323818,-1.62085969813115,0.0275416237785766,-0.185678461546262
HNQxYc4w,-0.21586418670703,-0.510519367935924,-0.369522724178927,-0.719283745302349,-0.0202562421874573
HQYhKHZ8,-0.484649522701091,-0.312951018373782,-0.787848037499918,-0.460361433350472,-0.100448067833988
HSCMx0MC,-0.433807387725793,0.0897446295110228,0.0637770541899876,-0.350269879898836,1.52784945151336
HXYuE0fx,2.41428470630999,0.341767792756962,1.9188372072082,0.570960834576814,-1.10507203981492
HdKcxEWr,0.303820126163168,0.917804681363726,0.621592021433837,0.933508590062247,0.287898554912601
HecW1iCC,-0.552701550952534,-0.437193908204385,-1.13139302535586,-0.731131612969204,-1.09988430274502
HpbKB8rv,-0.275706041598285,-0.53317746419404,-1.64354330005852,1.87597803964405,-1.14743231949069
HrkoYjCg,0.012539579657042,0.615217357801067,-0.273836052364755,1.5061460817522,-1.04435271883865
I5P2uquT,-0.27213910060124,0.124962975322766,0.0313980170473846,-0.386257650878635,0.105226916229723
I94qkDM7,-0.616632764919832,-0.774552035447826,-1.44365427674681,0.232848103451467,0.524291272042324
I9sQbtt8,-0.180852067441671,-0.330626086434972,-1.5060338510278,2.44858005226381,-0.964778790149375
IFxgw6ZX,-0.399642223342227,-0.313080517590764,-0.42374368026869,-0.440279645729601,-0.128419537043763
IPPPSyoU,-0.563191642645965,-0.363618318192453,-1.40007878311115,0.575983559966981,-0.470275982049642
IQOYQubU,1.72842482105167,0.558726907637742,1.48798258654674,0.586885504967179,-0.790995619519676
IYNE2SxU,-0.791144462727537,-0.376179050995735,-0.800012329796637,-0.0659411875319122,-0.502879966051905
IZRFk9kN,-0.103002136804251,0.147547521726737,0.0693696360787182,-0.033161391678214,-0.0113777344892679
Iaq3v0t3,1.52162570995739,0.340993282167834,2.32306816918534,-0.975088145409728,0.215969561487671
IbVwu1t6,-0.43840735373632,-0.654393866995723,-1.42936441066403,0.440026477432255,-0.400170003791021
IcHKTLyo,0.197706128783339,-0.113283564445602,0.0987421411287956,0.68954589348876,-1.16732677370617
IpW80wVB,-0.218628719746341,-0.38447361344906,-0.683637764942421,0.329755733874813,-0.215251516921112
Itb0PYUV,1.59500620817223,0.909953105901976,1.63020038194454,1.28996716242826,-0.785695382492301
J8fpSwS0,-0.107854603948615,0.369188807303875,0.630047958834228,-0.985693227621092,1.38245516199732
JE1SlbD0,0.611376631843191,1.0475584382217,0.573212416793577,2.21426780419335,-1.00930707367022
JEB4McNb,1.12662417842762,0.181532884490918,1.6686848674249,0.395852007676282,-1.05075495465664
JEE4QVeQ,-0.110369575819847,-0.623336568819968,-0.0860457356364998,-0.460544449147448,-0.682798540544623
JJSEU2VQ,-0.522144169587048,0.168761803128966,-0.402499145429179,-0.389353537803104,1.60676453505966
JSsVriP2,0.251204113463583,-0.17728880901487,0.503435170466437,-0.778268818156066,0.169020824765471
JUvQNiOK,0.181145662883517,0.370681738948753,0.699556589459716,0.00385119198544411,0.254554958071619
JZbrRtm2,0.293173648176875,0.862228525674859,1.08988220393415,-0.69185957673611,0.153698588408262
JcE9G92B,0.0864212849527002,0.646576117642541,-0.223825375905339,1.16863871243618,-0.26353306409695
JnNYpXHr,0.657901554337085,1.80538311334585,-0.113482117504269,2.05019297025615,-0.82344233871872
JzpbnOtz,-0.130957425784959,0.259981892140635,0.167979611911968,-0.536311658203604,1.0978105308862
JzzUhPQp,2.25463460560613,1.0441778640417,2.45480045604842,-0.215590712334726,-0.984472062510309
K05R8dQK,-0.0813899583317342,-0.134475415394257,-0.924335491837727,1.12366603801529,-0.987716133647604
K17pG2mG,-0.00350882205626683,0.159080292831619,0.792498952021662,-0.865254476855833,0.554321403544753
K8BellUe,0.0403580857805915,-0.958985491345735,-0.13982917487414,-0.0192493948093714,-1.46520342592067
KJ2eH6rr,0.0863825008954303,-0.648256588685401,0.165387966443465,-0.174312242471981,-1.12644460276745
KJEJ6Glk,0.615253861515521,0.809759458899536,0.543766647408118,1.86082268746451,-1.11283239479539
KSbO0oXS,0.832555196691062,2.245464137312,0.0646585888208742,2.89556828754669,-1.23830461248492
KXtvmd01,-0.339364422137786,-0.182948413894634,-0.246984517967896,-0.39592982372114,0.660245198550736
KYiJqBuJ,0.135764631482581,-0.414208137363789,0.950396335397669,-0.798530883990495,-0.61067076567724
KmbAyTcE,-0.0793359388277447,0.150266798902191,0.149247153850205,-0.0771418433009008,-0.224407530456209
KnNyl3rV,0.117009970243543,0.0770528256599949,1.12562063070778,-0.436315387829979,0.767321650133099
Kp2DG8TZ,-0.24327868981847,0.088452089740875,0.564411895170443,-0.744077164238764,0.919453663536076
KqQtKWs5,-0.592151869137357,-0.656871174458654,-0.51382056116691,-0.795001540659909,0.271032109495676
Ku27g63R,3.84282933418943,0.659526693516198,2.68890147547998,0.456544377721932,-0.550101266803021
L2aTVqDq,-0.311701458062697,-0.568386662840596,-1.70396742891495,1.5248644517204,-0.914456577116945
L5jvq6G4,-0.583017340179495,-0.406820123614056,-0.285072623260418,-0.730012196382276,0.618711672019503
L91hYVQl,-0.662601501118054,-0.984409022611672,-0.359489377022575,-1.33082144297161,-0.00731532704187098
LINAMlbA,-0.451600291049391,-0.30180813786333,-1.31330474859963,1.28222465058078,0.201716319723303
LJoUNXSx,-0.557937381199351,-0.72196689566105,-1.94505956437505,0.682400884055275,-0.607633813135644
LLtSiyWD,-0.544585621578587,-0.608445602640192,-0.669938637249613,-0.589130819552798,-0.0646001976969276
LQJtV8kn,0.0598878269410533,-0.396759474253684,0.893687332378435,-0.0217093674979295,-1.13876426253847
LW9uddw7,-0.241571056932206,-0.73810821815795,-1.07027333618529,1.56355030916243,-1.25720901423628
LZ6sdBTR,0.946293890238587,1.3038600732473,1.48888582520936,0.413203228710028,-0.332601423178564
La2Vhnne,0.235294109755395,0.912679809960672,0.140557226647234,2.17332423522454,-0.360249849508536
LaUWSq9B,0.00388802880960687,-0.12273462723828,0.31899442387859,0.239850071813896,-0.999435211165014
Lk4SfkPQ,-0.329331331526342,-0.408755136839306,-1.09508785058599,0.145754604291506,-1.11811314430465
LllC836d,-0.229587222341215,-0.076000820314382,-0.469885690929128,1.0800910984336,-0.0714541928401937
LuGiGeWN,-0.546664777754184,-0.251502518185379,-1.00696166703178,0.601959254350118,0.673972297961053
LzcyHcWa,-0.445834875694723,0.101116519276419,-0.655348070780315,-0.527736762996858,1.32616841740433
M7veP0H4,-0.423363546384612,-0.229111018583655,-0.301447260975262,-0.251581982861766,1.21045280075047
MB8aaJUc,-0.224656326947071,-0.197276935792986,-1.25189353211152,1.44175429629099,0.202885222423966
MDpe2zuy,-1.01093928561722,-0.370431085927197,-0.54216904025064,-0.756773323198042,-0.306752945169559
MEzdmEIU,-0.242403327821158,-0.117506597585594,-0.0135896482678783,-0.177252115896494,0.455656017389984
MVnhtivm,-0.394256078584331,-0.349263793948948,-0.545582762134577,0.0696923858466146,-0.271990694669815
MYU7WDis,-0.0772984424231183,0.600694093863663,0.781811995505222,-0.963537102569263,0.869832979362848
MZFqh6yw,2.12965843861892,0.609573662589475,1.97887112914621,0.11997128714347,0.033151092653003
Mdgy4SsO,0.984722837480822,2.08405615601855,-0.201004584251258,2.20687477585348,-1.29578275561744
Mj8awnzy,-0.255548766854059,0.0706544520141467,0.622671109742405,-0.784080985625401,1.47342436663719
MpFPbUJy,2.02936275918502,1.1682273500105,2.10401755593228,1.24463324592889,-1.10457714424583
Mqk7MFBM,-0.326024417433957,0.0867368519986235,0.566664433742388,-1.11662144482141,1.08713445925996
Mqs2t1Eo,-0.381592760648245,-0.108148081117564,-1.06723986207247,0.254937883396038,-0.938876361272148
Mv3jFVxp,-0.213711225283009,0.0688035442231413,-0.0589515494255992,0.274115065819535,0.356264342652132
MxODTXvA,0.107138473253348,-0.387626382324725,0.671212907236681,0.167657612454633,-1.36265604099677
N46PbpPM,-0.305328254608103,0.180277415103697,0.282452736287609,-0.945710000349378,1.814287318606
N5S5F9Gk,-0.687983539086065,-0.392604246567257,-1.69024525738343,0.507657749743124,0.774214091952125
NLDg5fqw,0.308012875647352,-0.184042990339631,0.117848766572546,-0.323302870465992,-0.00212030067715727
NOho2ZiM,2.29841457953841,0.495639469186371,1.9797096347103,0.656420249727041,-0.975569779057512
NUuY7PFU,1.79063661987366,1.00390120567764,1.76227629584217,1.32881180141187,-0.972031371595596
NV1e8AEO,-0.412897018582339,0.216359788620368,0.153988298147618,-0.184438616042402,1.72881936566543
NZLXROKC,0.277537542873628,0.240131123963829,0.194280609839121,1.21104326809489,-0.892358320071721
NaJo7C6o,0.577414413015831,0.182866908838597,1.11901570825089,0.309618372490629,0.0291540757432799
NgsyGkrO,0.151920004214186,-0.16974228225241,0.408644898363766,1.08171859391837,-1.26805434917959
NjOx4Zpo,-0.311318114701676,-0.295021267808012,-1.67993872567791,1.80326753750289,-1.13365316682431
NmQoI7x0,2.56094346197866,0.142322657418632,2.52225873334405,-0.167245550196738,-0.546202966200614
No4wkdLS,-0.51661722988998,-1.07870581520504,-0.873984205883798,-0.773530232298084,-0.00329999637233676
NouMwhOf,-0.208653748426661,-0.298511766067731,0.0645486459800175,0.0074924230284175,-0.817270315695239
O6YAWd8C,-0.218000654398296,-0.73153831559276,0.00733986144388044,0.119155567278935,-1.05949434004143
OAXVphSh,2.49267738932021,-0.228985837068054,1.90963558577189,-0.208278504623615,-0.212378330906556
OJBBhb6Q,-0.47383223723783,-0.49318858539017,-0.0689641481170444,-1.38877651713556,1.3690523328663
OSIQXImL,0.628124029748566,-0.222609622278587,0.65609099524918,0.729759261544887,-1.31378865213948
OUUFc5Zz,-0.453799841226931,0.109346058003721,0.031488138466728,-0.655631569320386,1.2290671109521
OVk1lquT,0.305245583622243,0.730662891010282,0.360544195183274,1.81319059294573,0.145535333782167
OXdRxjzz,-0.28971598404894,-0.473094422397526,-1.13565139993284,0.920497655894253,-0.574619252606597
OXxW2ekf,-0.400815851521359,0.0710588358507241,-0.632346451836088,-0.984851124921282,-0.186921616083785
OXz5OpqR,0.174179953780803,0.43866038860868,1.18553869476425,-0.241069818523587,0.453308849502177
OcBFW1AX,-0.504726316911542,-0.176831876183589,-1.4902126973901,1.29045739774109,0.498162631162542
Of9V2rpt,0.0559036215084041,0.0828756986518869,0.313814708653783,0.287915908863698,-0.409421755360415
OfLxPhbG,-0.178584231584808,0.400242880629287,0.178828639689105,0.0603511692363085,0.277475365499186
Ojx2vi48,-0.539528328795577,-0.708403395346644,-0.429153358864,-0.774025516306793,0.477852013816752
P3M32iuT,-0.611505385143766,-0.955071861474871,-0.448337138464427,-1.61207224514363,0.113986951204241
P7olVzrO,-0.151041755814964,0.0644555301400012,-0.228440521110926,0.209991632976981,0.580178680967808
PAPHErnv,-0.574586200785706,-0.367231601890164,-1.49494525726029,0.36155111615855,-0.561797267601188
PBjEtfXb,-0.144525993173141,-0.0830802712624059,-0.105871442020806,-0.156259802773081,0.663919869363446
PZGpoBBj,2.07727335923184,0.445258764799002,2.39046022427262,-0.215617262739292,-0.827467760608309
Pc2RrxXS,-0.609016435498021,-0.488949223062028,-0.570962501693353,-0.881548755807732,-0.716778016942874
PcHQ4FOu,-0.498399736844807,-0.468258846945449,-0.541828738135676,-0.0265942723353475,0.163374634482971
PeNyTOVN,-0.109304202026003,0.387439187303363,-0.0360024875886052,0.248068761853809,0.46996111325627
PhUPSU53,-0.458416747224689,-0.19830566658613,-0.854009835458788,-0.0443228888588999,-0.481957472297098
PmUNeV2O,-0.555631459474722,-1.1503963918033,-0.967712610172327,-0.968714959763068,0.0999842975924835
PoDJ0uvK,2.50572978720099,1.09931835175015,2.18039387948956,0.0948521148329928,-0.000784505445052396
PsUJdJdg,-0.233109471294175,0.368563929227096,-0.560500368618699,1.35603816955047,-0.393077855041568
Q3xLFx1f,-0.383421694777119,-0.731504872086408,-1.03721784618574,0.202514788998444,-0.872656563056037
QBGxCvdM,0.0335159770401744,-0.533182113792744,0.236994044129847,-0.100854439419409,-0.823679620763516
QCEPyu6L,-0.437565461275477,-0.442010056095407,-1.64902510862893,1.05387590826924,-0.741768423117036
QEfwec4s,3.76114224481312,0.431066401184269,2.39683618836793,2.1254603295003,-0.934115620473018
QZ87Nnr3,-0.548151958362466,-0.468744347875541,-0.295055667300864,-0.857026407054609,1.45766329699529
QlyGN9jv,-0.521560974281982,-0.131489464576288,-0.540309324801793,-0.0736061714037531,0.40034989626061
QqgWE1ny,-0.523709831735519,-0.338577351878906,-0.392841601830347,0.344555215769128,-0.337852726846228
QrjjBpZd,-0.59022636967653,-0.775637743645461,-1.55408513628229,1.48211525853768,-1.0127378782094
QsaBiX7V,-0.514297376603496,-0.0336149694382579,-0.114458406071553,0.0209209955810338,0.188368497628534
QtBKJuZk,-0.404435835248499,0.201750789051184,-0.0332676562813758,-0.435783732038179,0.444068245333872
QtPRO8OJ,-0.455136799078559,-0.105573861709829,-0.859377896782577,-0.672828329602983,0.498474271520398
R8XcsFnp,-0.0113816362031635,0.579817091362247,-0.346639755879338,-0.051964090061459,1.56323723986714
RROfRt9z,-0.0630188850034009,-0.284034398270314,0.0793128145450875,0.634243504450178,-1.01044091020529
RTcbiDGq,-0.667505074976185,-0.447837294595976,-0.798959808959772,-0.523833859491416,-0.223662968093889
RVidM9g0,0.279279421029522,0.497018589884789,1.19270081922134,-0.877780003178762,0.819121433123845
RZnQSH19,-0.560744380152348,-0.10745234206835,-0.5224504867539,-0.66250754346945,1.35222563993875
Rc4UK7fT,-0.634908146026317,-0.221591350449483,-1.21769818385684,0.713182422670701,0.440976794561355
RcKBKh6B,-0.268456044465187,0.233740302009495,-0.235261512613051,0.0477259631815338,0.774974168259526
ReM5kDa5,-0.032730532982942,-0.0804828805681337,0.369567099501275,0.37006304040514,-0.789533849475326
RfntsotG,-0.502856912784601,0.0833350743500301,-0.340422532203487,-0.853602947908276,0.903556542145515
RiXMlzXD,-0.576419913357941,-0.479785943823965,-0.44419856655163,-0.594517006863693,-0.641282412703238
Rik83O3m,-0.391168623955876,-0.518857776391421,-0.421618825170086,-0.399681176728266,-0.112006201566039
S3PCzDzO,-0.0304714630330856,0.146557645688499,0.736151670305918,-0.870043030481921,0.27538201537738
S77BviOJ,-0.460467275624777,-0.414951897008611,-0.439976432477422,-0.14472384946981,0.333337437085222
SDdvtktF,-0.52088366280418,-0.679630261649124,-0.916949088599292,0.191018613705297,-0.728626048203598
SHs1AyfM,-0.151456738857654,0.538348682002551,0.0173091739495081,-0.0646390395451696,0.50796247348203
SO4zQy9k,-0.282103151081668,-0.150300602760282,-0.181184321787995,-0.444519002251494,0.637364476115531
SOOBCoiG,-0.125038055973656,0.37698296068412,-0.0307038331397659,-0.757316968531651,1.37540524147009
SXkkPB7A,-0.0211862480908881,0.946669807095083,0.615187511242544,-0.147468480066374,1.57041630161015
Sa93dGqq,-0.405428774553238,0.358357931098165,-1.21157338897603,1.6489068960967,0.592600902400817
SonIG72a,-0.497369934011882,0.0514444180504313,-0.647583095390876,0.32512559389524,0.487121789877414
Suf6hIBc,-0.248681174057531,0.143717357103644,-0.0101961859308314,-0.211043333974123,1.1186487456922
Sx2JeSRz,0.340708246641996,0.513811353693844,0.366684307990558,0.973416796721089,-0.43608083798265
T1Tlftr4,0.158388154584171,0.441546356009436,0.829945214126259,-0.532211941048304,1.32508683184828
T7ulR4ci,-0.444585141562964,-0.0599555520183149,0.184444143229849,-0.948774951500453,1.35802286513063
TA1NB3Br,-0.160120737731932,0.191810888954313,0.136827283245219,-0.0299987570937504,0.957642116001664
TFZUskaK,0.179939048180003,-0.631180951505331,0.0871055444942147,-0.00622122977361805,-1.18425302092818
TNL8HGWZ,-0.00267371845965848,-0.423256915148902,0.166915189584559,-0.154623531258505,-0.947232104513623
TZ8z1GSF,-0.722874529461378,-0.449739961200542,-0.508674686756288,-0.438206562337837,0.128177708862939
TqhRvkJJ,1.88712761156876,-0.538632332740761,1.98243576302294,-0.436365717768311,-0.845237146650253
TtJCUiY4,-0.243725037270546,0.402939298079263,0.390802350498978,-0.980446027319882,1.85071960982371
TwDq0lua,0.535746906650578,1.07297226723356,1.03229178928627,0.308526708586334,-0.871425490422615
Tzyf02sI,0.0130900589190979,0.744530015467714,0.438274027450723,-0.316007246760152,1.37204560955931
U3yI6ZS5,3.28006755027919,0.58113527218051,2.16984768493254,1.77297834623317,-1.12293249986206
UBLnXZAN,-0.320380643506581,-0.672540519832247,-1.88137312466491,2.34524967124872,-1.0202022606545
UBWDzleg,-0.479176907300827,-0.489098372571735,-1.30753891339024,1.02973339626663,-0.754451688700207
UBqkX6SY,1.83034840229765,0.703321660701946,2.1387385111355,-0.110743762397593,-0.64665984777089
UCIAi1Aj,-0.443444430917611,-0.759833093325774,-1.1329964161078,-0.556391807346421,-0.191921533965599
UPbXGvCS,0.0213074122460075,-0.34965142751119,0.236232215282236,0.175928409763312,-0.943861587489265
UeWm1l9F,-0.315058963585601,-0.0915782971437247,-1.41534717744684,1.81073227058758,-0.539613509925913
UhucscY7,-0.555269885990686,-0.509669198940839,-1.01848424294518,-0.772372485499568,-0.702588947483304
Uri1SvHV,-0.0456809081394182,-0.507811067689879,0.122260375387318,0.172299443259372,-1.10425316929118
UzxipGJS,-0.459173222317031,0.165879431318151,-0.423681479083087,-0.285020601072023,0.502418727968748
V74zfaAQ,-0.253490941994046,-0.373573219425684,-0.121390976922216,0.303511056803082,-0.959176495218268
VBPxBLTh,1.72789535036179,0.717098394474819,1.6879016281117,1.03144616419149,-0.974669430589315
VLG7CXYS,-0.261499922120724,0.303998158152671,0.0397953153866577,0.434683664706823,0.777992024828968
VNk52SpF,-0.540404401005023,-0.841560900555508,-2.17633191867723,2.02222303833632,-1.64478996271802
VOREKsok,-0.660820847161741,0.126425415650063,-0.709174026828085,-1.03042227858988,2.25095425831754
VRhTr5pX,-0.408382144308966,-0.485139670431818,-0.186176336162913,-0.789519870522128,0.376845016054081
VTcG4Kcw,0.104873063631628,0.56936384032522,0.691972914068911,-0.0395395074470298,0.951493947385114
VeKiWSbS,-0.200661826748145,0.111108032721803,-0.0605669882513287,-0.142429039717337,0.659258390248885
VnU8nJHU,-0.547582786934138,0.00859858620770543,0.0293436713727236,-0.51884833049274,0.287496321990171
VueNCxYv,-0.301592009519826,0.165143399646509,-0.64424050676162,0.00439729359799889,0.285984758003688
VxuQTRUl,-0.640955894947034,-0.199789368897911,-0.154177086335061,-0.766926420511303,0.116876813331876
W5lgaocA,1.49414894364203,0.690459107765556,2.04024273213878,-0.373777382724869,0.213716025508598
W5mMq9Ef,-0.306444536208062,-0.16465820231597,-1.209478992003,0.972888035123907,0.0296446005792193
WDhNqFpS,0.0360055382609336,-0.196182076409385,-0.470042292254003,1.23447455927985,-1.2637230673986
WE6n1kZi,-0.410707419861374,-0.512801575409198,-2.04054950769435,1.3362299461151,-0.612910988762893
WFk6r3vA,-0.60418935313801,-0.153619996893195,-0.388787933897461,-0.195478135270533,0.0681074894652137
WFyIrsUR,-0.791619927335927,-1.00265361533279,-0.843469075689834,0.896136478587511,-1.44384088652114
WG6ZAsqR,-0.619811477477622,-0.148978081508677,-0.677551109629198,-0.933100200190574,1.75785887614316
WMq3CZQk,-0.482779499469353,-0.822028306651305,-1.8976036878116,1.24357670983257,-1.24227863212336
WRskmGjh,-0.999468870856367,-0.561736088088126,-0.648957438808935,-0.836587435130099,-0.430226849616516
WXijSglj,-0.515797714338281,-0.566067843790045,-1.13752000315715,-0.159459999235903,-0.525011130342469
Wc0stQgu,-0.306869499160245,-0.499282104839027,-1.23581300677908,1.0602559816141,-0.844427665469316
WewoSCUB,-0.488079863082997,-0.834468869841778,-0.746122551973379,-0.933014216054037,0.381629611451617
WuHuhHWJ,-0.0894222499718881,0.141437073607752,0.408605164948955,-0.56703793788819,1.22977456809139
Wv7EBtZb,1.37224161688939,0.606191719637336,1.83262347283965,0.297131004541816,-0.649161149836858
WyPlxDn0,-0.366722754513351,-0.0511100742444557,-0.171462480423275,-0.486180143260003,1.11665030764471
X3WqoSNN,2.20646351394427,0.473372192275645,1.39145208389794,1.30383512246939,-1.44028226342132
XDhyP9KB,-0.805793723793793,-0.612151151158039,-0.741732231500808,0.271096711308015,-0.432285034739624
XQxhDRMG,-0.459313149484051,-0.320277685908748,-1.49792438107415,1.00665986317064,0.522632129381263
XjLNAwxW,-0.230566000679392,-0.911179411428158,-0.297952877827832,-0.044257888302892,-1.19548144077684
XjfVQbXd,0.886652340370596,0.760525687605002,1.98190910288544,-0.493082014542224,-0.142908758468162
Xovczbf6,-0.68536211340334,0.11465969540253,-0.73024732994622,-0.903191485905458,2.09688869912849
Y8H4onBf,-0.763363385075669,-0.669962460925516,-0.205440947363103,-1.21493271294783,0.536203257858671
Y8YgzSZ9,2.48997339511952,0.686106751167466,2.04151516184527,0.665888327446308,-0.40444206285224
YC4PNV20,-0.734237724716509,-0.227121433867768,0.166447249276209,-0.863289596932688,1.90712470223469
YDHSCRdd,4.6626633207693,0.129830919085937,2.3771815956572,2.79226194191008,-1.01582435577842
YIJ87aME,-0.185896116553377,0.184400491004021,4.16487374309798e-06,-0.508582065112664,0.602682639995409
YKvT4dFv,-0.424142064273298,-0.0917324779739196,-0.614907631746119,0.0574333250125099,0.189820582558055
YNebALR2,-0.607826028331293,-0.675862934724128,-1.22247590311837,0.395954764336866,0.283465016280663
YNrnqFyb,0.00131997928640607,0.447190260028211,0.0400350270461149,0.252463702561575,0.245381955258933
YUZ4lR3m,-0.279191927872879,-0.13147196726912,-0.433368939200541,-0.314312295669194,0.56725328723433
YYLvjoVC,0.0539620407356046,0.618844541583999,0.59170795922146,-0.0783484187037498,-0.143027074148162
Yb8OtMb2,0.273262681543116,-0.474834135396794,0.548148264715744,0.572150151189907,-1.17927700376163
Ycg4lTYw,-0.673693148414152,-0.848198009485148,-1.38109788688976,0.325732397224046,-1.58685277991
Yfk6tekH,0.31386971763155,0.538054356385865,0.93886808219093,-0.384161206635989,-0.313431396365138
YoSfgmR6,-0.750281789980417,-0.446382627397034,-0.679910009489312,0.0351282603820845,-0.0844976196894565
YpzFvexy,-0.496484313116592,-0.370701969854047,-0.90588636916798,0.538076817192589,-0.132308068625142
Yxqppfa3,-0.182725360578742,-0.350531888037327,-0.0650871586954843,0.422721756633582,-0.8793368469056
Z16jTUvP,-0.251101260640566,0.116021398842456,-0.802825420989855,0.414257643530705,-0.296080032980931
Z2BdCCbJ,-0.313535330707048,0.303279578572843,0.0774494909819807,0.0434516913857489,1.43626933219406
Z2JJMM6V,-0.14779334628533,0.280293913339521,-0.0546217868880254,-0.0312317623880612,0.866444342636037
Z5jE1OB5,-0.272824766775855,0.361562200239492,-0.0417868759368449,0.367555298241342,0.111726730340037
ZFsIqYxA,-0.356525772486054,-0.233739313362708,-0.486588746851085,0.0220695672814823,0.0104591087710422
ZHDVsoRh,-0.511205432474633,-0.382030556948325,-0.8560602860525,0.0299901575539828,-0.465322831929643
ZSmfu2Fc,-0.486270111473975,-0.209599975388093,-0.590973249338743,0.373832392384889,0.077653209294925
ZU8YXF3H,-0.595488476240334,-0.0288361443816037,-0.516259907958512,-1.10630724693137,1.90366435814866
ZXKaNy6Z,-0.570429638345114,-0.194273886550559,-1.06806842095539,-0.516120606419602,0.225707160803714
ZbYLo0zK,-0.390245837834726,0.130346894188911,0.110946674924964,-0.908752704528439,0.0448873041058932
ZedN8Gcn,-0.593595499364273,-0.221670804021211,-0.705840121906474,-0.676524372073188,-0.670257983725746
ZgD4Dau6,0.0847546736390602,-0.121878551498102,0.152220177812044,-0.441928665588687,-0.689410800528109
Zgzf79LA,-0.691574611513637,-0.888691378634538,-0.719857858650096,-1.12559446784753,0.346686603388294
ZjqzxDOF,0.523336014334712,0.957810073759103,1.30420237159112,-0.574234062138776,0.149912388823741
ZsZ5aDpq,0.0364437003371459,0.316531913956073,0.135088814018937,1.24715884626112,-0.982642707785565
ZtyqE7If,-0.0961151328326976,-0.602955712691028,-0.279684624879028,0.178760910368804,-1.27701043665624
ZvUgz01f,-0.0169882826854214,-0.0309249754135255,0.907772601619456,-1.08896665337807,1.00181541304375
ZwrhgdQV,0.680406434048934,0.439207646459948,0.713896435885008,1.56766541150727,-0.758071308418035
a7bhJGBU,2.08018623929128,0.619244343571063,1.56202735741294,1.02803675946711,-0.909396920488854
aHpv6KzP,3.35525966173931,0.547601176246021,2.41651754214748,1.73802121486952,-1.17801826398455
aINzEBVN,-0.469572753951655,-1.17952660867755,-0.949673485677817,-0.581257592463258,-0.664401075460918
aP9EtTGF,2.97406864242376,0.284452773480145,2.81355535019861,0.0910626170019393,-0.841991651908848
aV6EhtSL,-0.519750833272174,-0.467338211297327,-0.227511554226393,-0.730943522110646,0.0530358027932246
aVZsXKoH,2.06496763112777,0.443025035795703,2.25698386894429,-0.315905089915242,-0.678896128077073
aYVnVJvc,0.0368299740454976,-0.159568817045569,0.469214259327553,1.01156467635415,-1.07599200494893
abCzN1zx,-0.479763355961084,-0.797318941697869,-1.89206866442644,1.15616721165156,-0.954323036573894
ae7sMiB4,-0.0244223135679136,0.207016720632154,-0.00163923558672764,0.21350075153303,0.00154022115778115
afsVuCGV,-0.41263213531861,0.0536117879237093,-0.693817489864876,1.0611205757017,0.00497499275581565
aiwBQETI,0.123479635469362,-0.587740932502084,0.35528111940053,0.171017323321843,-0.895823687862166
aiyli4EI,2.70637026313061,1.51769252310479,1.84108412142587,1.70258432042584,-0.197162527319783
apJ7NmzD,2.51999329426312,0.463482919960245,2.53896247640576,0.0690708067344069,-0.570743992073134
atVjNMtQ,-0.234543091656636,-0.486457973582266,-1.80550106782349,2.27027532704602,-1.71159469898281
b5GirVGV,-0.451066913621221,-0.402397130033421,-0.248130138392552,-0.961558536775241,0.713401487667715
b9SpMjNB,-0.00989477291915029,0.629757553395763,0.469187712101639,0.522509987946115,1.25504052484607
bAFs37yy,-0.434994820924394,-0.115740363974144,-0.0889994470320811,-0.791131392360152,1.39125048180641
bDia1hHV,-0.334742577373585,-0.428588220174258,-0.430877117381375,0.534567140856518,-1.16417694462169
bFkv5Mtr,-0.0339576140380201,0.491687480305855,-0.0329180291148159,0.800726053212008,-0.09334071987472
bHe2IXgA,-0.291779751832124,-0.688507648920241,-2.31937743832659,2.51537489583468,-1.66003864889237
bWX3vUm5,-0.0212648837555373,-0.332579989314918,0.246669745986195,0.557606661696318,-0.891860752567446
bat8tcGs,-0.202748067756734,-0.907263007203784,-0.582397976748395,0.0987049721730881,-1.72625138717458
bfjej4wu,-0.603013970468771,-1.04013866705608,-1.11784970168022,0.510514262494497,-0.838988426135784
bh04YDiP,-0.349524077673916,-0.0927273974353483,-0.526968815931058,0.407425542282935,-0.348067503610831
c110Fdc8,-0.162932906901619,-0.105998782570408,-0.101001814378658,-0.0866685794243857,0.265829984555632
c32GUzMa,-0.563633286033866,-0.349492790386865,-1.54231950891324,1.06243907698073,0.475245147474367
cT6uU0B0,-0.26777580279873,0.370318764836329,-0.721115925099968,0.0940279062006858,1.1897122957357
cWXCiFwh,-0.882770205308899,-0.496380738152077,-0.878451570126972,-0.580910944548754,-0.38522463967752
ceNvS3yd,-0.370071772584437,-0.190707713411278,-1.26237197810836,0.721286442394086,0.0170289291711632
cmwdt4Av,1.52855422045065,0.515245244552591,1.73910066206017,0.537763438406327,-0.863663137451234
cn4EHsup,-0.415756025272792,-0.608659756566323,-1.36836599286974,0.423579064661873,-0.159615723556523
crVOGGTT,-0.232520611870239,0.523364838857894,0.207019426467268,-0.651974997864774,1.28977120684859
csPEJ1E5,-0.720524814605433,0.234681622065416,-0.159132793542002,-1.17641915659077,0.0395012703624421
d0UrRtMk,-0.602073628421573,-0.0273074585621729,-0.384088590889388,-1.07606211195565,2.05008216100135
d6LU4G4I,-0.275102131690118,0.0606251571540132,-0.808030662706581,0.777715898576305,0.165280199837085
d74T1DVv,-0.407308909882927,-0.205156967949253,-1.57662393743601,2.05832632859304,-0.964115050307555
dR6rM1tQ,-0.0150709576827053,-0.707537703110909,-0.14592017829241,0.415653622259121,-1.28847049544408
dUNxOoqg,-0.514898559129766,-1.21419055063911,-1.18745555803009,0.730811705889518,-0.815911298705698
dUnlyhj7,0.612038504736972,0.000124300110438403,1.39362986959713,-0.493088504903529,-0.140575087868844
dVDlnZQ6,-0.388809371519438,-0.291641158732962,-1.58949931084616,0.466586810557261,-1.34849890467806
dVT26GDu,-0.253933247880135,0.287309801589475,-0.0290436869673304,-0.213093304255342,0.759142525326458
de43ycXY,0.348434702502656,1.10310019045516,1.08284160098542,-0.612950516594814,0.151541850604201
dfIn7m9z,-0.496543173908691,-0.299429038072029,-0.823125611383912,-0.0286757100284352,-0.422127751158038
dhmb9ZY9,3.69317028676876,0.582390871144932,2.47285024344623,1.64176641834805,-1.43175248331655
dn8kCuyf,-0.320339946840257,0.126226995887541,-0.308049622637941,-0.523659009343641,0.365936288584623
dpcquvWW,-0.508914224418054,-0.160820117033367,-0.449868671887781,-0.276671181634197,0.0976588829558738
dqcbIMyr,-0.815490058391041,-0.815950367581569,-1.62732946610217,0.151916202451581,0.0312517194421607
drWgsBf5,-0.313372219499597,0.0443307742784225,-0.736540484212297,0.742179490724286,-0.866272037075833
dytx0HSe,-0.633848500593719,-0.19294127142655,-1.08822863224856,-0.939899668245979,1.67306592092879
e4KkkIha,1.9672602459111,0.455796349908144,2.71339600986177,-0.516788780793061,-0.683865652579628
e9YorH4m,0.148969901183407,-0.0387328017209462,0.501902075170707,-0.996899991753674,0.571920950413443
eB9gVQ0R,0.0592715014897486,0.796514568529246,0.500265189445586,-0.51478676737796,1.42986944112789
eMhLFqU6,-0.558287873014941,-0.438508844578549,-1.51999749491271,1.04292259717361,0.107498046472634
eMllg1qm,0.828173813626865,0.383633732282721,0.905362192933793,0.0924034606115153,-0.478856678950394
eNPunZ9i,-0.450813763377567,-0.180879250425135,-1.61742394140621,1.73144049553371,0.0434465156371993
eS5BSM4J,-0.481939094051166,0.0322768968200891,-0.168610767945839,-0.801586798431776,1.51019962004671
eVGMFoOI,0.0704898082824093,-0.0790911752965854,0.379222378703409,-0.902209330655302,0.592076387429902
eaIwb3rG,0.0992950953824537,0.96391614120213,0.627326511372386,0.303104687998026,1.50606230332038
eyzw8Vis,-0.140025871780424,0.60192710674772,-0.126083479674497,-0.236987811646717,1.52319968622576
f04Ke2bN,-0.322928450600903,-0.0201428629498048,-0.711755715397329,0.665611836492018,0.318186133781543
f4GA0te1,-0.220946876136994,-0.49165270220254,-0.384817196794286,-0.71379150000566,0.157978902581053
f7bd91h5,-0.513092248062838,0.0390473886523051,0.128654241623771,-0.829864305350067,1.45406431883468
fB7z9ndr,-0.108762361459414,0.683787825229378,0.631987095213754,-0.335078492987583,1.65541605160878
fEe7AWFA,-0.196890446455912,-0.546522325078895,-0.0317345359996633,0.0545416725741268,-1.14738783731372
fJJIbgY9,0.60408605540825,0.986753756591593,1.71790758158573,-0.658461507854942,-0.112605864880434
fQBURMvg,-0.377405353229203,0.180922096021918,0.0196820681561991,0.0121833292766852,1.36156410565911
fS0HpOub,-0.501510193927802,0.101598494169084,-0.212740104707104,-0.480604821599795,0.828470822600076
fTDXauuk,0.498720207730459,0.25231420457207,0.964375759984117,-0.522414244631938,-0.463588716817358
favPNA2N,-0.37080930401412,0.511205730171995,-1.01298699799878,1.75556942816726,0.595313337644313
g3Fv0U4k,-0.637064775840085,-0.688366802675251,-1.36938510407329,0.976630813988183,-0.661144274375172
g5PKo2E2,0.625651570477967,0.389549090719449,1.30888896059471,0.269606401745847,-0.731438342824395
gbjnD5fe,-0.26193805137773,-0.230643546545659,-0.475190507134388,-0.739185291693982,0.644469964881819
ge9zqXCv,-0.717131858487963,-0.539654558015832,-1.39297655173748,0.861710490743439,-1.36481504579377
geeqJpSE,-0.354072747631423,-0.0879332584888716,-0.00826715151163646,-0.819066717321777,1.10315946456732
gqy1J2RS,0.500592717402803,0.171619443551535,0.694886423736961,0.306025886613705,-1.05612492558471
grlUtS3H,-0.0798193757020546,-0.0668595295540507,-0.409344641159338,1.215233431887,-0.631196286313663
gx965KYj,-0.273607735343766,0.0347601948053524,-0.522496512503227,0.670791770023243,-0.691136082141422
h3F08Vjm,-0.342807411439558,0.173632895565582,0.219902324597893,-0.496818536799143,1.24429207371227
h6FQG8Iy,0.0704308405231162,0.69437082899969,0.861961600481407,-0.400277737179065,1.6517152670162
h7ftM8b3,1.96141807777145,0.779482967942187,2.29701403941877,-0.228298559149451,-0.860716055603611
hLrCHXZv,0.0748397233153186,-0.16131604843423,0.556877013258163,0.490225956153135,-0.897867809663319
hQ6VBuFx,0.0529613381870218,0.897429675833175,0.488332429079259,-0.226989371863387,1.49784527031665
hYoR2y7w,-0.222185044436903,-0.731980147668027,-0.956272021888766,0.297599301092054,-1.39224836068456
hf65yZkM,0.300362345929255,0.272771766170826,0.275030097595847,1.64852065681702,-0.822053847327867
hjuwe1x4,-0.142405080578939,-0.398904269566438,0.480358277233157,-0.369961650512989,0.53722638445348
hyINlsFR,-0.00798610918567531,0.82724692281221,-0.597852497254616,0.837557271927743,0.917692796106694
i0Qlm9Bv,-0.146590347506214,0.445936602697934,0.438306843633371,-0.440888627116503,1.15940956579263
i1VxfxMb,-0.177638323419164,0.51660852109858,0.24956819872288,-0.514527881498688,1.38396955997825
i2l6jXNP,-0.447353171187307,-0.194174905050311,-0.87953682036484,0.446768894257044,0.199350692051786
i4FgPZv7,-0.468892275875563,0.436059603892649,0.599199558679765,-0.935792139284253,1.95915573585049
i7XtIkSi,-0.306141001566588,-0.0154640272472631,-0.472930682037437,0.104811393831701,-0.167433310499769
i9z346Ut,-0.0944609222216404,0.0768068619408054,-0.733965043601189,1.4472630170356,0.2542944002742
iDOat4cZ,2.3968339818622,0.937198801855012,2.47859683629461,-0.139102983633898,-0.588811937036739
iNv6RoSO,-0.135864149077544,0.107276544196014,-0.17633890016613,0.472076924741868,0.419509398914293
iSL9NYzy,4.05622170714751,0.313993264149037,2.28074053467952,2.17308723936615,-0.999773429379726
iSqVc1r8,0.242318532836749,1.23869834458653,0.94934595141262,-0.525484361702944,0.193870587956416
iYZMftt6,-0.431919680015509,-0.795709770802386,-0.642325301818978,-0.3225288450339,-1.34283254386583
ieTPaa3c,-0.440451517162437,-0.315236954206783,-0.758687281887208,0.200015670742731,-0.103733784878865
if7BmzU0,-0.399327188784137,0.0132696446726748,-0.165948973724896,-0.893900909380569,1.32194717764358
ihNz5bmx,-0.365556170541371,-0.197912340522588,-0.591846428001395,0.64654434740174,-0.447244014198934
ikJXKdIN,-0.610705191840056,-0.775497757115882,-0.393466754032802,-1.42419167459387,0.757100489544046
iq2kxikN,-0.0461945940040542,-0.708278869631171,-0.236425818375172,0.0703017136533964,-1.08678248215759
iuZEDJK7,-0.376234874952395,-0.0926610661483848,-0.278020321280508,-0.710002208140218,0.96875259630241
iyF8gVT7,-0.132490789868999,0.704302378409481,0.179051068116621,-0.332090292650378,1.73284901316418
j06qdQ0V,-0.467174192912675,-0.0853747460806837,-0.430370573734826,0.00337065434391795,0.0996470493210379
j7hl8svO,-0.120449270329812,-0.753127706991663,-0.267507616474479,0.125437427646064,-1.10433375979007
j8hMoJUN,-0.590476621726209,-1.10983081763106,-0.778586118121611,-0.912615207803216,0.0551887037653527
jNaFasbV,-0.654710210652339,-0.699461610887747,-1.52229515537061,0.904897364462123,-0.812762095948478
jVVHeYHT,-0.165601469397496,0.210542665432213,0.549819358809023,-0.509755456192846,0.832474807348761
jXm4ySvK,-0.261999485200745,-0.00792635108731314,-0.0349148785555715,0.0871855529637147,0.982913866787959
juO5ii5l,0.0962916372615672,0.621143297334682,0.74809129107188,-0.615756182156202,0.555855487339577
k2hdEBsU,-0.514565415797592,-0.181801438402545,-0.0960648913290818,-0.914739382749573,1.45769280908817
k3ynMfhN,0.41087077038333,0.413386555178763,1.33132360578279,-0.191002750735013,0.41580319561855
k9C9yBtr,0.0381710069178514,-0.12866845593156,0.45030228447488,0.652651532736255,-0.809591394197851
kAKRvcRo,-0.560516195448866,-0.672006215066512,-1.33990380068695,0.530862725878792,-1.27957036427517
kBi3R2oC,-0.167486759858814,-0.137700934724244,-0.131418269722286,-0.126108984486461,-0.231575366100138
kDWmnsXe,0.00845079556715891,-0.559747230859967,0.694989028586814,-0.900281023944942,0.443755526565884
kSGBd2Vh,-0.330400591405507,-0.0025417315017381,-0.0450014821473611,-0.81842540951051,1.09081066990337
kT0miHPT,-0.424363787363967,-0.357361524017661,-0.438501825472166,-0.343194721697678,0.301772874090792
kaW0TfRn,-0.239300628823177,-0.0804046391677083,-0.518159414817445,-0.74382434394384,0.0653422457560662
kmg3SowO,-0.406490932923041,-0.175551511444047,-1.29644530708092,1.07960219502451,-0.332951545983208
kpxKSlnF,3.08566090881783,0.267834320012924,2.03884899656362,1.01038090786445,-0.235483485252744
ku2cn1MV,0.807910057116191,0.572436272455171,1.99769160960295,0.283454102262661,-0.142037090057348
l1su5HU9,-0.26400438635089,0.210591595516011,-0.164236606576382,-0.216359231842879,0.483705625684818
l8Tg2RvD,-0.182377916874659,0.542680587206075,0.787015613509984,-0.632060123642698,1.08147954978942
lB6NsVOc,-0.156271528839218,-0.150195199686291,-0.111245254580035,-1.1162512774177,1.32903743920765
lEcdVyKk,-0.494419917845091,0.168991020862998,-0.426702357226197,-0.393434754801746,1.38818886638472
lH4TasGl,0.234538674041549,0.310697900755503,0.759004726106229,-0.651052932404252,-0.223359121308276
lO9aggHW,-0.0116768136433198,0.347569727068412,0.204958265059056,1.00824301467895,0.202192121808673
lW3m9Vzu,-0.450589846405945,-0.0704916317954086,-0.794546718298276,-0.122665311686551,-0.266100233965305
lYLseGDP,0.301635130412705,-0.0634023001777066,0.480557823526616,-0.355957935886282,-0.100580624727515
lcOnCdZi,0.0322423487822505,0.436973153705501,0.586091125980362,-0.80883068605143,-0.0313481171910905
le9YGwON,-0.0493227968376127,0.321203579360915,0.362917845969935,0.0230274360099313,-0.0467729765954153
llMvu3TX,2.97654073347285,0.102824725988095,3.00056111689119,-0.432521282674247,-0.206698963702498
lnHh2jFO,0.27970989467972,0.75496452982791,1.22720737636363,-0.764362714173719,0.270401664439636
m07CVXd4,-0.177228080871586,0.470154984954611,0.987612511835174,-1.30146906362088,1.98083899274545
m1lPk91z,-0.252581154200367,0.17157011471258,0.740210982431184,-0.85445861100505,1.42919066817798
m9IQdmwa,-0.453966054812239,-0.232969561893701,-0.329581604635376,-0.71089774615662,0.972262792752736
mG9BRy5x,-0.383530037958939,-0.121584036742607,-0.334056503996415,-0.135043538053714,0.591340319960505
mVHXnama,-0.371323927358353,-1.12325307358877,-0.829607056385361,-0.552436340220285,-0.601203388586986
mXyrR6nU,-0.476178835773551,0.185485866144053,-0.483034226577412,-0.546970976747584,0.737608086486775
mbzNdxNc,-0.321611210705983,-0.177961809950344,-0.795554344972601,1.03409210992183,-0.568951561016925
mntH7g3L,0.122276430723254,1.29862977448665,0.924034041191464,-0.718117691248626,0.375544455056146
msRTXP3H,-0.205924756364198,0.141109391042542,0.0227483108454232,0.283461956977156,0.664987591662065
mxBjvIPR,-0.55719372576497,0.0133826038375744,-0.458176009572958,-0.639429859436873,0.227108003689218
n8Opmfbz,1.94200682823069,0.404419929728424,2.18916443848639,-0.303747077204218,-0.358810559166311
nOkgU29Q,-0.349042134564531,-0.833386306046995,-1.38380999402003,0.668067112142391,-0.942731571273886
nhttf7VM,0.279682455357553,0.49835329913631,0.952051067553593,0.275767258243332,0.166629425050231
njLbXYa3,-0.496196216841556,-0.563662165897659,-0.475246327695918,-0.564428106963383,-0.536427877567283
nwkIpzmh,0.766994804307096,0.32544948516478,1.20492397341396,-0.171737223085532,-0.122480250963725
nzB1R9Zg,0.284227080584078,0.269145333501222,0.832417250124784,-0.690631864224327,0.197365652970356
o1rZRI84,-0.651775168182848,-0.190529555501582,-0.797202893700641,-1.03149162547825,-0.367449263413498
o7q5Mbty,0.0300203367027313,-0.426147421781604,-0.198279818158428,0.321324329047717,-1.31113478451763
oCBvysqB,-0.964467451320848,-0.794933130695287,-0.768342899004282,-0.677075642359833,-0.351876736805434
oDmycTPH,-0.500950346705295,-0.501862228031235,0.00862284624869484,-1.57598802530396,1.26074613190444
oFAXZvQv,-0.807109173415058,-0.322238440072619,-0.498747392132849,-0.204219845452598,-0.182074819903086
oHE3M1zX,-0.1103753498697,0.389636439729888,-0.529262467834124,1.80996839674536,-0.205676149520054
oMhVmSpV,-1.04080685105449,-0.80390422194879,-0.904922675661659,-0.554039826032505,-0.569957047279581
oNsDqVbi,0.326786719373504,0.989073558317377,1.5646327097212,-0.709959378792957,0.232471423754542
oYAJqQk8,-0.49674651058926,-0.898027570712581,-0.0579185167272332,-1.86257077035685,0.607852606066584
ob5Kb6dW,-0.54941667136557,0.273995394055569,-0.656426479744108,-0.455888180245614,1.45876353890822
obnzqs79,-0.525388546290402,-0.921781039709548,-0.619784802897025,-0.809167840256325,-0.0782004458126339
oncLcgRP,-0.439591466310705,-0.160635074233003,-0.790995354886828,0.10899846276612,-0.244317394363637
ooWVYaAe,-0.320967955872864,-0.382901356689926,-1.76782900205847,1.13555421303843,-1.43720241719661
osdyOUnV,-0.608710954637285,-0.287226689112047,-1.63572412356875,1.33948688146584,-0.0271975395387368
p7H9CzCv,-0.417156723054134,-0.695421260616066,-1.75310509835335,0.726926890500918,-0.569404967272775
p7U9hVhY,-0.369495611569774,0.0536480168539081,-0.290322666409128,-0.231667375313125,0.698488570875154
pE6Cf1RV,-0.0937357929230066,0.446949871018524,0.476823658231729,-0.19660608763238,1.08374919702575
pI7qzotI,-0.032280511331226,0.552906487304109,0.0222673017595093,0.801093717867521,-0.413693915626554
pJrIA4sk,-0.503139357391325,-0.475616934550148,-0.432631179853762,-0.920601646507343,0.106717649895161
pXne2CLZ,-0.448505832598596,-0.868434654815173,-0.93930743481115,1.54121733554423,-1.28567398268011
pZMcDIOS,-0.493571673163518,-0.272104460898156,-0.393519043643501,-0.828285491890257,0.916110157995377
pavfp3cc,0.268268847641011,0.106433723187106,0.749599756064267,0.374346437679795,-0.399362672678707
pbQdC5L3,-0.671084294813096,-0.584103237928545,-0.238215915230089,-1.06794534158426,0.890214124002672
pgj7aAFP,-0.169151695084129,0.271217819137701,-0.322573714508614,-0.0138268064379248,0.327614419684266
pxg8G3ed,-0.0567831818859035,0.471703704087726,-0.408608547199167,0.109225499989182,1.15724985688005
q36Npk6l,-0.505314836242681,-0.618808686466558,-0.376420304875045,-1.05281417632018,1.02632390513243
q4aDOVvq,0.685546235750959,0.998037742048586,0.649683100922457,0.951662933234237,-1.13193167742922
qGmfR9CN,-0.328392245425563,-0.457893547045452,-0.859877655066216,1.25277011684058,-0.769166679066062
qJ51ODpA,-0.424702424693481,-0.197006241331131,-1.28529102882572,1.11433681235508,-0.281833141121807
qQX3cs3I,0.177240913360873,0.249114349172873,0.945151588915482,-0.452615858008027,0.269639647272941
qXeIxPb8,-0.299189449460436,0.159153574955698,-0.279811021296176,-0.0953608657916675,1.131061639298
qYQ4MShM,0.206261774555007,-0.338217793734516,-0.0111653381216391,0.786220626859443,-1.17777725853215
qa0etnhK,-0.0575828751705467,-0.0640412749534241,0.389198016855212,0.344053565646428,-0.83515333582614
qbL4sboq,-0.286544708197352,-0.0355120031601936,-0.2043797555688,-0.266523440612989,0.643465154892768
qbYrsWHq,0.843832507212395,0.742591587653903,1.48881124776381,-0.0193737359610068,0.00269425041636335
r1zmcUqQ,0.804631869472882,0.503856924514492,0.585863735450877,-0.431768111127663,-0.744112159411574
r54iHeQC,-0.272266386428596,0.0368002511657623,-0.0782355598009132,-0.486590477169749,1.05070619114586
r6xrAnQV,4.11145540658657,0.22615454200838,2.59222275217235,1.06249286826307,-0.00659432204805345
r9HxnQDg,0.0263726833110658,0.45974323802752,0.828047976180414,-0.060070444212729,1.0084659079546
rG8Puuf9,0.862926112520054,0.782107487741231,1.0564551661515,0.71677863181155,-0.702574744040576
rGuiefuR,-0.296943095558865,-0.540446547859464,-1.14781523372264,0.639621819369288,-1.04809533939013
rJ19OhGP,-0.518561313746713,0.353310768155025,-0.341310890877514,-0.170418439522638,1.86053168523419
rOCYepHd,0.362277842398339,0.160756348005476,0.9894618567394,-0.432913873485263,-0.129593314358743
rQJaOPFI,0.237823430757189,-0.488728897024772,0.785657005683775,-0.676262737320382,0.453156093376771
rQhZtZeh,0.128745946868699,0.490634381334298,0.830551906434248,-0.387526827467756,1.24687130867573
rapmok0w,-0.277171754832902,-0.517026971578172,-1.31754160042821,0.910546670062631,0.115774450143827
rgzfnPVu,-0.12957677709898,0.135984690975432,0.816036181787583,-0.949581592936938,0.468984966729684
ri4qhb1S,-0.621150357862968,-0.154913134053946,-0.457484323271648,-0.947835549374648,0.216824345824669
rqpFYzff,-0.543021943169114,-0.231502809555394,-0.131879627403898,-1.17095160100775,0.706339129560677
rrs22coX,-0.218283208555741,0.422725323049486,0.223104701203599,0.0452298319508297,1.28111330644902
sEeUCQLc,-0.47003679432797,0.249286849932674,-0.724940936925157,-0.0714509692347333,0.996130034474872
sHScwqQl,-0.259020192591022,0.640026704253442,0.458446614650993,-0.964420520564656,2.08600929308159
sNC7DiAt,-0.743515229071102,-0.3355455010911,0.174636457584098,-1.03369870076964,1.91731945393125
sNK2TSs3,-0.151333216956317,1.07567349152267,0.364056030193745,-0.0251130074231855,1.455966215242
sO7Su6uw,-0.763808174530816,-1.04928879619313,-2.06076162099589,0.387024351485465,-0.0116079585809839
sOWZx89o,-0.424394508296921,-0.511516380273279,-1.05521228031735,-0.653161952981412,0.897504432892508
sPbRcPjC,0.159343639897166,0.0751680579925791,0.147402149501573,0.799246831279318,-1.14855543320204
scVUfTKI,0.524223764104834,1.83066369938252,0.097933688182068,2.09311319188633,-1.17043100780973
seRaGeVv,-0.353857795298631,0.3078391975312,0.0640693028461045,-0.25348794330364,0.649862166698308
sgtwiYWi,-0.410882399911527,-0.711269001393704,-1.43965448732552,0.475927345143266,-0.397834325900494
sjmLHcT6,-0.559105486328479,-0.693537319584103,-0.340012722032059,-1.01952181900473,0.309967538804899
skZUZZGS,-0.489882830635057,-0.317210221924706,0.341605256988451,-0.656478947484262,1.17202956804262
suAmzADX,-0.0775501140674409,-0.927536763485753,-1.28147367766532,2.07670020780984,-1.58339069164567
t4GWLqlO,0.644894911824723,-0.11992038656055,1.31144070988375,-0.110726591118392,-0.453874375544909
t7gy6Jyy,0.500743957146271,0.0519482274675243,1.30607653412781,-1.34024351775921,0.320331223750642
tBadzH60,2.58747725854596,0.516954113868806,2.7587422515634,-0.132297994253568,-0.442888902258171
tXUWm0hp,-0.246474765533931,-0.159617397354874,-0.459446171436981,1.02613811337947,-0.389857585939895
te6UPPxf,-1.03196939303558,-0.854388540037465,-0.775286444255819,-0.266583523295857,-0.713820713568166
ti2lamkL,0.410610445458032,0.273803240511022,0.800101375809988,-0.0583717253839825,-0.199389818040277
tr0lpwuU,-0.163720795928042,-0.397642368932251,-1.51965547221582,2.76994858602053,-1.76823924543143
ttdB5C73,-0.293344005602372,0.440740599697913,0.0913634728200893,-0.147864939263645,0.512151722060407
twS8YZu9,-0.264907473994143,-0.475249441571883,-0.459146247637266,-0.629691006483325,0.363444704625013
tx68W34H,-0.491995791760545,-0.334057888004083,-1.46649061149275,1.46120184224198,-0.765099769165485
tyQSX4mY,-0.0628949240330688,-0.00275292313465505,0.549645153610977,-0.900813648103828,0.357181484641293
tylKCRc0,-0.394603192648871,0.144566437269533,-0.177526863761507,-0.216968423934473,0.520510593290485
u1544WUo,-0.528983306751358,-0.161849809833256,-0.941123556202986,-0.627750555344921,0.240865346640936
uAw9an0d,0.283172353541465,0.669907439780475,0.615712749325664,-0.127244516737902,-0.547242836831396
uLZAEXMG,2.61270250856014,0.624612378549543,2.47581926598433,0.308289251126682,-0.80263899046399
uMwe1s7I,-0.611077755554574,-0.714235271025632,-0.726124829629083,1.17773974702879,-1.10038936207007
ufhGeV3q,-0.601848809366296,-0.699474969623442,-0.115981890394296,-0.98280829588457,0.996016163044959
uhAeGBHo,-0.458112219498909,-1.06282037635057,-2.06235507479721,0.476107117640469,-0.721934718990144
ujHNlqpw,1.38776214148103,1.36711861120757,1.91452968571389,0.27653545805677,-0.536281969570598
ulV6kuhB,-0.202021056091145,0.225851831287302,0.179025907775174,-0.274736452968369,1.02516732158587
uohEnNEK,-0.509602448683032,-0.57519610542619,-1.43104398077444,0.973721680774232,-1.1650629590282
v1lhA8I4,-0.169010431908675,0.370261136472208,0.577506134131158,-1.14352706390736,1.98797842748011
v3JzigLI,-0.754423855602368,-0.783239441318143,-0.20851044510741,-1.27086995891845,0.658018052203506
v5IwjyIg,-0.462111865557562,-0.226806813144711,-0.817796486762212,-0.406821665817208,-0.927126888709028
v6lp5TK1,-0.198927658778963,0.0356179267806546,0.706690788382685,-0.943227958994088,1.38869966276661
v8vOaaWq,-0.352717768840634,-0.108398298831042,-1.09139527999381,0.882585299461585,0.0999856786749789
vAYKtoil,-0.422374562125493,-0.420488829351685,-1.00380190765419,-0.210432662781406,-1.16250992132024
vGTNQa6G,3.8470306033189,0.18853791127072,2.30497203008375,1.48665497393796,-0.454849153178056
vQzNxHoL,-0.823294157531572,-0.913071391406446,-0.856911267731632,-0.68599507022848,-0.756448660985981
vfZGBUJm,-0.432587335538782,-0.180856728969336,-0.140524395836061,0.0763580356904062,-0.361300159202631
vlooVUoT,-0.244187409536807,-0.309579436715871,-1.21629303632293,1.20699538288315,-0.840742082296112
vrACvd4O,-0.521967161391975,-0.401428041727453,-0.396814051429757,-0.536486049460745,-0.701825879378028
w8hdjLwb,-0.266952302810863,0.381725309541807,0.259658670074082,-0.451203830573611,0.730602973379412
wAntv4gH,0.452214552718519,0.698616471031748,1.28350016031731,-0.436201514326281,0.460255499157731
wIUL09q0,-0.650182754531262,-0.877283727689217,-0.783526269292904,-0.866249757936922,0.267216217864119
wOzx7Fgz,-0.633433806868827,-0.23167041185051,-0.35764910575908,-0.74026938584679,-0.0971980115765103
wPhjhCJQ,-0.493940837295392,0.139632413673579,-0.490510734338789,-0.312100004876215,1.77056491427053
wQSWWmYB,-0.374794602458857,0.231035863400705,-0.376074115224772,-0.42682203334933,0.474616612504232
wdIMrXwy,2.43775258127519,0.393554977696923,2.73054683904493,-0.465872437789073,-0.181339290881993
wiL9npQc,-0.386036950766257,-0.467328699523368,-0.575166362429512,-0.738872131409735,0.900153966183303
wnU95Cxn,2.10237441783224,0.747238627104789,2.78519421955995,-0.594908912603549,-0.758678786960458
wpJbbjJs,0.329452855462084,0.511747047018278,0.937771596561776,0.148194781520932,0.0161937808837084
wsOWTAbI,1.16091726153296,0.415741677144314,0.862978162510194,1.90381222338122,-0.89934802943986
wtdBcU3U,-0.679040599105001,-0.553110364566701,-0.139599136972896,-0.983095179619187,0.185332835073526
wuKXVxOc,-0.521206079257782,-0.617076475653327,-1.44725686890642,0.29263900513108,0.693080134463252
wyzadAt8,-0.411454374239313,0.050068738929502,-0.758885283664998,-0.827002594954572,1.60290379102043
wzaKzYwi,0.299025796444134,-0.502174969885635,1.18088007439139,-1.24207672617734,0.644181875782184
x6GCk4EV,-0.198177580809043,0.180133468884519,-0.0505783796431805,-0.465241648251866,0.800292806362808
x6lUi3vf,-0.0135833728065421,-0.175580091836889,-0.0589272753190463,0.839072571189275,-1.34379305363975
x8mwDHv9,-0.42956084433037,-0.0129730999794781,-0.330403777206065,-0.164038003853215,0.198303903318012
xIYm6puH,0.837999440269418,1.28651900545063,0.0665685360512013,1.28448223269346,-1.10448082858489
xO6UdpsK,0.825955303918987,0.626693088530924,0.337171921989321,0.297622823603111,-1.11752602690213
xQ2bkOvj,-0.618664907897081,-1.17658090292457,-0.896199158019631,0.872500226578053,-1.20392376337436
xeXyDCEQ,2.91199514403657,0.596234572462178,2.02808281790774,1.58485538479511,-1.2067707170008
xrggHziO,-0.191036347375271,0.0630065095477355,0.225618305326033,-0.249154652665977,0.080109733043805
y1WMCmqQ,-0.386892052916641,-0.180789444497751,-0.725109482303452,-0.880680210919781,0.245279432874511
yDngezhM,-0.424140410084458,-1.07253700648711,-0.472709051857176,-0.845532032027833,-0.282029552564677
yLiFjMD0,-0.335682096340074,0.408132401253913,0.201178908855194,-0.90293091857336,1.2772246244365
ySwEBO7w,-0.853914893153181,-0.546476726853912,-0.665804447301165,0.154067222815225,-0.686849721255919
ydC9UsSm,-0.251070623719935,-0.0424439191532993,-1.5583059302252,1.33925622342337,-0.0110536355548105
ydEG4VBd,-0.44376682055009,0.111177753938313,-0.755607727212861,-0.149570849379227,0.251210450742627
yf76yWXc,0.0276155649630353,1.0887665591053,0.839143617529799,-0.713778331830433,0.11108786937694
yg70e63n,-0.252017363888307,-0.239143030150931,-0.601131565000228,0.12992151944469,-0.124237978228588
ywxtlSKv,-0.611610167397327,-0.138939803095915,-1.09273128516019,-0.888073066680538,-0.40683257309331
yzKPQPOR,-0.726555413592988,-0.979810096871357,-0.508782176363006,0.536987652356216,-1.09608733120574
z5cnOnZ1,-0.526959096889584,-0.572655399752371,-0.754360394026823,-0.587455278499755,-0.732013657230948
zFLkOE0e,0.267566733460384,-0.0203359204268132,0.70183897204166,1.07965127932068,-1.06257055094739
zGi72mxL,-0.488644949552801,-0.973034608897324,-0.890074019088314,0.195109412583348,-1.47977515376096
zN925UV3,-0.511992058021479,-0.523132294893144,-0.981594116527071,1.00963996497771,-0.695095626720308
zTy2ih7e,-0.57842683255742,-0.521293564902959,-1.15666186971324,0.0706015491323415,0.749996046542954
zVFzAutw,-0.173359596169696,0.417022663341079,0.00254239046565652,-0.0943333300601125,0.795814002477807
zYxNAkht,-0.460759134318507,-0.565599005085999,-0.460921448811581,-1.05003092140539,0.632075420385557
zaWDBai3,-0.0519266740691206,0.831585530521048,-0.420083102715939,0.608976924949152,1.33124172496525
zg3u0Zsx,-0.172625924072366,0.378299200421587,-0.131636379098194,0.368213950903051,0.115371273204414
zlwLfdsS,-0.7129253730448,-0.730094674830113,-1.11309036410684,1.64815657957651,-1.34632913701458
zmbKzVfl,-0.604882815418555,-0.789450693466306,-1.82384863836916,0.686990128565559,0.0703398015286122
